,id,conversation_id,created_at,date,timezone,place,tweet,language,mentions,hashtags,cashtags,user_id,user_id_str,username,name,day,hour,link,urls,photos,video,thumbnail,retweet,nlikes,nreplies,nretweets,quote_url,search,near,geo,source,user_rt_id,user_rt,retweet_id,reply_to,retweet_date,translate,trans_src,trans_dest
0,"1,47803341751822E+018","1,47803341751822E+018",1641225601000.0,2022-01-03 17:00:01,100,,"âœ… UkazaÅ‚y siÄ™ wyniki badaÅ„, ktÃ³re potwierdzajÄ… zasadnoÅ›Ä‡ szczepieÅ„ kobiet w ciÄ…Å¼y.   ğŸ›¡Wg info. zawartych w materiale, szczepienie #Comirnaty w II trymestrze ciÄ…Å¼y indukuje odp.humoralnÄ… matki i umoÅ¼liwia przekazanie odpornoÅ›ci dziecku.  WiÄ™cej â¤µï¸  https://t.co/j7NWJXYLjX  https://t.co/YtB6TJDARw",pl,[],['comirnaty'],[],"1,34684695008008E+018","1,34684695008008E+018",szczepimysie,#SzczepimySiÄ™,1,17,https://twitter.com/szczepimysie/status/1478033417518215171,['https://jamanetwork.com/journals/jamapediatrics/fullarticle/2787270'],['https://pbs.twimg.com/media/FH7eueIXoAAsEOb.jpg'],1,https://pbs.twimg.com/media/FH7eueIXoAAsEOb.jpg,False,44,65,16,0,,,,,,,,[],,,,
1,"1,47803144256739E+018","1,47793563245022E+018",1641225131000.0,2022-01-03 16:52:11,100,,@unnuna @bealooa @KolusiaMiki @MZ_GOV_PL TrwajÄ… szczegÃ³Å‚owe badania nad skutecznoÅ›ciÄ… szczepionki wobec nowego wariantu Omikron - wstÄ™pne analizy sÄ… jednak pozytywne.    https://t.co/i232vNxsCu,pl,[],[],[],"1,34684695008008E+018","1,34684695008008E+018",szczepimysie,#SzczepimySiÄ™,1,16,https://twitter.com/szczepimysie/status/1478031442567385097,['https://www.ahri.org/wp-content/uploads/2021/12/MEDRXIV-2021-267417v1-Sigal.pdf'],[],0,,False,1,1,0,0,,,,,,,,"[{'screen_name': 'unnuna', 'name': 'unnunğŸ’', 'id': '602018016'}, {'screen_name': 'bealooa', 'name': 'âš¡ï¸Beataâš¡ï¸', 'id': '1347606139'}, {'screen_name': 'KolusiaMiki', 'name': 'âš¡ Kolusia ğŸ’‰ğŸ’‰ğŸ‡ªğŸ‡ºğŸ‡µğŸ‡±', 'id': '1457785620131155969'}, {'screen_name': 'MZ_GOV_PL', 'name': 'Ministerstwo Zdrowia', 'id': '462886126'}]",,,,
2,"1,47801397751908E+018","1,47780717882423E+018",1641220967000.0,2022-01-03 15:42:47,100,,"@Prokurent74 @PiotrWitczak_ Z badaÅ„ rÃ³wnieÅ¼ wiemy, Å¼e osoby zaszczepione, nawet przy infekcji przeÅ‚amujÄ…cej majÄ… mniej zakaÅºnych czÄ…stek wirusa w porÃ³wnaniu do niezaszczepionych, a im mniej mamy zakaÅºnych czÄ…steczek wirusa, tym mniejsza transmisja.  WiÄ™cejâ¤µï¸  https://t.co/QUzvMH2eiI 2/2",pl,[],[],[],"1,34684695008008E+018","1,34684695008008E+018",szczepimysie,#SzczepimySiÄ™,1,15,https://twitter.com/szczepimysie/status/1478013977519079428,['https://www.medrxiv.org/content/10.1101/2021.08.20.21262158v1.full.pdf'],[],0,,False,1,2,0,0,,,,,,,,"[{'screen_name': 'Prokurent74', 'name': 'Prokurent', 'id': '3313133907'}, {'screen_name': 'PiotrWitczak_', 'name': 'Piotr Witczak', 'id': '1331869827473027072'}]",,,,
3,"1,47801370229733E+018","1,47780717882423E+018",1641220901000.0,2022-01-03 15:41:41,100,,"@Prokurent74 @PiotrWitczak_ Opieramy siÄ™ na aktualnych badaniach. PotwierdzajÄ… one, Å¼e kaÅ¼da z dostÄ™pnych obecnie na rynku szczepionek skutecznie chroni przed hospitalizacjÄ… i zgonem z powodu #Covid_19.  W zaÅ‚Ä…czeniu szczegÃ³Å‚y:   https://t.co/ffUan1rSae  1/2",pl,[],['covid_19'],[],"1,34684695008008E+018","1,34684695008008E+018",szczepimysie,#SzczepimySiÄ™,1,15,https://twitter.com/szczepimysie/status/1478013702297329665,['https://szczepienia.pzh.gov.pl/faq/co-mowia-nam-dotychczasowe-wyniki-badan-klinicznych-3-fazy-szczepionek-mrna-przeciw-covid-19/'],[],0,,False,1,6,0,0,,,,,,,,"[{'screen_name': 'Prokurent74', 'name': 'Prokurent', 'id': '3313133907'}, {'screen_name': 'PiotrWitczak_', 'name': 'Piotr Witczak', 'id': '1331869827473027072'}]",,,,
4,"1,47799566376171E+018","1,47799566376171E+018",1641216600000.0,2022-01-03 14:30:00,100,,"SzczepiÅ‚eÅ› siÄ™ za granicÄ…?ğŸ›¡ PamiÄ™taj, aby zgÅ‚osiÄ‡ siÄ™ do wybranego punktu szczepieÅ„ w celu wprowadzenia Twojego szczepienia do krajowego systemu ewidencji szczepieÅ„ âœ….   WiÄ™cej szczegÃ³Å‚Ã³w:  https://t.co/saHVidQNvo",pl,[],[],[],"1,34684695008008E+018","1,34684695008008E+018",szczepimysie,#SzczepimySiÄ™,1,14,https://twitter.com/szczepimysie/status/1477995663761707008,['https://www.gov.pl/web/zdrowie/komunikat-nr-16-ministra-zdrowia-w-sprawie-uznania-szczepienia-przeciwko-covid-19-wykonanego-poza-granicami-rzeczpospolitej-polskiej-oraz-wydania-unijnego-certyfikatu-covid-19-ucc-z-uwzglednieniem-dawki-przypominajacej'],[],0,,False,7,22,6,0,,,,,,,,[],,,,
5,"1,47799547913278E+018","1,47798643709836E+018",1641216556000.0,2022-01-03 14:29:16,100,,"@bealooa @MZ_GOV_PL JeÅ›li tylko pojawiÄ… siÄ™ informacje, przekaÅ¼emy w osobnym komunikacie.",pl,[],[],[],"1,34684695008008E+018","1,34684695008008E+018",szczepimysie,#SzczepimySiÄ™,1,14,https://twitter.com/szczepimysie/status/1477995479132778496,[],[],0,,False,0,0,0,0,,,,,,,,"[{'screen_name': 'bealooa', 'name': 'âš¡ï¸Beataâš¡ï¸', 'id': '1347606139'}, {'screen_name': 'MZ_GOV_PL', 'name': 'Ministerstwo Zdrowia', 'id': '462886126'}]",,,,
6,"1,47798924191748E+018","1,47780717882423E+018",1641215069000.0,2022-01-03 14:04:29,100,,"@PiotrWitczak_ BiaÅ‚ko szczepionkowe nie ma zdolnoÅ›ci do zmiany ksztaÅ‚tu (zostaÅ‚o ustabilizowane), dziÄ™ki czemu ma wiÄ™kszy potencjaÅ‚ do neutralizacji. 5/5",pl,[],[],[],"1,34684695008008E+018","1,34684695008008E+018",szczepimysie,#SzczepimySiÄ™,1,14,https://twitter.com/szczepimysie/status/1477989241917476867,[],[],0,,False,15,19,0,0,,,,,,,,"[{'screen_name': 'PiotrWitczak_', 'name': 'Piotr Witczak', 'id': '1331869827473027072'}]",,,,
7,"1,47798918682949E+018","1,47780717882423E+018",1641215056000.0,2022-01-03 14:04:16,100,,"@PiotrWitczak_ ObowiÄ…zuje zasada, Å¼e o toksycznoÅ›ci danej substancji nie decyduje tylko i wyÅ‚Ä…cznie jej obecnoÅ›Ä‡, ale dawka. BiaÅ‚ko kolca powstaÅ‚e w komÃ³rkach po podaniu szczepionki nie jest takie samo jak to, ktÃ³re znajduje siÄ™ na powierzchni wirusa. 4/5",pl,[],[],[],"1,34684695008008E+018","1,34684695008008E+018",szczepimysie,#SzczepimySiÄ™,1,14,https://twitter.com/szczepimysie/status/1477989186829488128,[],[],0,,False,16,24,0,0,,,,,,,,"[{'screen_name': 'PiotrWitczak_', 'name': 'Piotr Witczak', 'id': '1331869827473027072'}]",,,,
8,"1,477989136783E+018","1,47780717882423E+018",1641215044000.0,2022-01-03 14:04:04,100,,@PiotrWitczak_ Wykrywanie ultraniskich stÄ™Å¼eÅ„ biaÅ‚ka po szczepieniu nie oznacza ich toksycznoÅ›ci. Nawet jeÅ›li biaÅ‚ko kolca w tym ultraniskim stÄ™Å¼eniu pojawi siÄ™ we krwi to bÄ™dzie zniszczone przez makrofagi jako obce. 3/5,pl,[],[],[],"1,34684695008008E+018","1,34684695008008E+018",szczepimysie,#SzczepimySiÄ™,1,14,https://twitter.com/szczepimysie/status/1477989136782999554,[],[],0,,False,13,8,0,0,,,,,,,,"[{'screen_name': 'PiotrWitczak_', 'name': 'Piotr Witczak', 'id': '1331869827473027072'}]",,,,
9,"1,47798907783206E+018","1,47780717882423E+018",1641215030000.0,2022-01-03 14:03:50,100,,"@PiotrWitczak_ Po szczepieniu do komÃ³rek miÄ™Å›niowych bliskich miejscu podania szczepionki trafia fragment RNA, baza do syntezy biaÅ‚ka S kolca. BiaÅ‚ko jest prezentowane ukÅ‚adowi odpornoÅ›ciowemu, powstajÄ… komÃ³rki odpornoÅ›ciowe i p/ciaÅ‚a. 2/5",pl,[],[],[],"1,34684695008008E+018","1,34684695008008E+018",szczepimysie,#SzczepimySiÄ™,1,14,https://twitter.com/szczepimysie/status/1477989077832056832,[],[],0,,False,15,14,0,0,,,,,,,,"[{'screen_name': 'PiotrWitczak_', 'name': 'Piotr Witczak', 'id': '1331869827473027072'}]",,,,
10,"1,47798901914122E+018","1,47780717882423E+018",1641215016000.0,2022-01-03 14:03:36,100,,"@PiotrWitczak_ BiaÅ‚ko kolca S nie akumuluje siÄ™ w organizmie i nie powoduje uszkodzeÅ„ narzÄ…dÃ³w wewnÄ™trznych â€“ nie jest toksyczne. Technologia mRNA zostaÅ‚a bardzo dobrze opracowana i nie ma Å¼adnych podstaw uwaÅ¼aÄ‡, aby byÅ‚a ona szkodliwa. 1/5",pl,[],[],[],"1,34684695008008E+018","1,34684695008008E+018",szczepimysie,#SzczepimySiÄ™,1,14,https://twitter.com/szczepimysie/status/1477989019141222404,[],[],0,,False,32,57,0,0,,,,,,,,"[{'screen_name': 'PiotrWitczak_', 'name': 'Piotr Witczak', 'id': '1331869827473027072'}]",,,,
11,"1,47798366166448E+018","1,47797847477006E+018",1641213739000.0,2022-01-03 13:42:19,100,,@tgidelski @MZ_GOV_PL Komunikat dot. waÅ¼noÅ›ci certyfikatÃ³w UCC jest zgodny ze stanowiskiem Komisji Europejskiej.   PoniÅ¼ej wiÄ™cej informacji:   https://t.co/sBF8nlutNB,pl,[],[],[],"1,34684695008008E+018","1,34684695008008E+018",szczepimysie,#SzczepimySiÄ™,1,13,https://twitter.com/szczepimysie/status/1477983661664481284,['https://www.consilium.europa.eu/pl/policies/coronavirus/eu-digital-covid-certificate/'],[],0,,False,0,1,0,0,,,,,,,,"[{'screen_name': 'tgidelski', 'name': 'Tomasz Gidelski', 'id': '101308292'}, {'screen_name': 'MZ_GOV_PL', 'name': 'Ministerstwo Zdrowia', 'id': '462886126'}]",,,,
12,"1,47798023500619E+018","1,47793563245022E+018",1641212922000.0,2022-01-03 13:28:42,100,,"@KolusiaMiki @unnuna @MZ_GOV_PL BÄ™dziemy na bieÅ¼Ä…co komunikowaÄ‡, jeÅ›li tylko pojawiÄ… siÄ™ informacje w tej sprawie.",pl,[],[],[],"1,34684695008008E+018","1,34684695008008E+018",szczepimysie,#SzczepimySiÄ™,1,13,https://twitter.com/szczepimysie/status/1477980235006193664,[],[],0,,False,0,2,0,0,,,,,,,,"[{'screen_name': 'KolusiaMiki', 'name': 'âš¡ Kolusia ğŸ’‰ğŸ’‰ğŸ‡ªğŸ‡ºğŸ‡µğŸ‡±', 'id': '1457785620131155969'}, {'screen_name': 'unnuna', 'name': 'unnunğŸ’', 'id': '602018016'}, {'screen_name': 'MZ_GOV_PL', 'name': 'Ministerstwo Zdrowia', 'id': '462886126'}]",,,,
13,"1,47797119644466E+018","1,47792266718975E+018",1641210767000.0,2022-01-03 12:52:47,100,,"@MarekMa32433534 Wzrost zakaÅ¼eÅ„ w Australii spowodowany jest gÅ‚Ã³wnie wariantem Omikron oraz zwiÄ™kszonÄ… mobilnoÅ›ciÄ… mieszkaÅ„cÃ³w. W stosunku do tak wysokiej liczby zakaÅ¼eÅ„, Australia notuje niskÄ… liczbÄ™ zgonÃ³w, co widaÄ‡ na wykresach:  https://t.co/A2RN4RQR9L",pl,[],[],[],"1,34684695008008E+018","1,34684695008008E+018",szczepimysie,#SzczepimySiÄ™,1,12,https://twitter.com/szczepimysie/status/1477971196444659714,[],"['https://pbs.twimg.com/media/FILO2MLXoAMk_aN.jpg', 'https://pbs.twimg.com/media/FILO2MQXsAIVmQA.jpg']",1,https://pbs.twimg.com/media/FILO2MLXoAMk_aN.jpg,False,1,5,0,0,,,,,,,,"[{'screen_name': 'MarekMa32433534', 'name': 'Dudek88', 'id': '1153364548759490560'}]",,,,
14,"1,4779536618589E+018","1,47794738075868E+018",1641206586000.0,2022-01-03 11:43:06,100,,"@lazy_climber_ @MZ_GOV_PL Prosimy o wiadomoÅ›Ä‡ prywatnÄ…, postaramy siÄ™ wyjaÅ›niÄ‡ zaistniaÅ‚Ä… sytuacjÄ™.",pl,[],[],[],"1,34684695008008E+018","1,34684695008008E+018",szczepimysie,#SzczepimySiÄ™,1,11,https://twitter.com/szczepimysie/status/1477953661858897921,[],[],0,,False,0,1,0,0,,,,,,,,"[{'screen_name': 'lazy_climber_', 'name': 'Roman Polik', 'id': '607582578'}, {'screen_name': 'MZ_GOV_PL', 'name': 'Ministerstwo Zdrowia', 'id': '462886126'}]",,,,
15,"1,47795304826578E+018","1,47792571243891E+018",1641206440000.0,2022-01-03 11:40:40,100,,"@R_A_Ziemkiewicz Zaznaczamy rÃ³wnieÅ¼, Å¼e producent szczepionki jest odpowiedzialny za bezpieczeÅ„stwo produktu i jego stosowanie. Ze szczegÃ³lnym uwzglÄ™dnieniem zdarzeÅ„ nieprzewidywanych. 2/2",pl,[],[],[],"1,34684695008008E+018","1,34684695008008E+018",szczepimysie,#SzczepimySiÄ™,1,11,https://twitter.com/szczepimysie/status/1477953048265777154,[],[],0,,False,9,17,0,0,,,,,,,,"[{'screen_name': 'R_A_Ziemkiewicz', 'name': 'RafaÅ‚ A. Ziemkiewicz', 'id': '1388943902'}]",,,,
16,"1,47795297290681E+018","1,47792571243891E+018",1641206422000.0,2022-01-03 11:40:22,100,,"@R_A_Ziemkiewicz Panie Redaktorze,  pragniemy przypomnieÄ‡, Å¼e w Polsce uchwalony zostaÅ‚ Fundusz Kompensacyjny SzczepieÅ„ Ochronnych. Ustawa zakÅ‚ada, Å¼e Pacjenci, ktÃ³rzy sÄ… hospitalizowani z powodu NOP po podaniu szczepionki, mogÄ… uzyskaÄ‡ Å›wiadczenie pieniÄ™Å¼ne. 1/2",pl,[],[],[],"1,34684695008008E+018","1,34684695008008E+018",szczepimysie,#SzczepimySiÄ™,1,11,https://twitter.com/szczepimysie/status/1477952972906811393,[],[],0,,False,17,25,0,0,,,,,,,,"[{'screen_name': 'R_A_Ziemkiewicz', 'name': 'RafaÅ‚ A. Ziemkiewicz', 'id': '1388943902'}]",,,,
17,"1,47795136767946E+018","1,47795136767946E+018",1641206039000.0,2022-01-03 11:33:59,100,,RT @GCessak: DaneğŸ‡¬ğŸ‡§: dawka przypominajÄ…ca wzmacnia ochronÄ™ przed hospitalizacjÄ… wywoÅ‚anÄ… Omicron. Ponad 2 tyg. po III dawce ochrona na poziâ€¦,pl,"[{'screen_name': 'gcessak', 'name': 'ğ—šğ—¿ğ˜‡ğ—²ğ—´ğ—¼ğ—¿ğ˜‡ ğ—–ğ—²ğ˜€ğ˜€ğ—®ğ—¸', 'id': '556859372'}]",[],[],"1,34684695008008E+018","1,34684695008008E+018",szczepimysie,#SzczepimySiÄ™,1,11,https://twitter.com/szczepimysie/status/1477951367679463425,[],[],0,,True,0,0,12,0,,,,,556859372,DaneğŸ‡¬ğŸ‡§: dawka przypominajÄ…ca wzmacnia ochronÄ™ przed hospitalizacjÄ… wywoÅ‚anÄ… Omicron. Ponad 2 tyg. po III dawce ochrona na poziomie 88 %â—ï¸Analizowano skutecznoÅ›Ä‡ dawek przypominajÄ…cych Comirnaty i Spikevax po cyklach podstawowych Comirnaty i Vaxzevria. â¡ï¸ https://t.co/3UWc8WqwSF,"1,47794483505937E+018",[],2022-01-03 11:08:02 Central European Standard Time,,,
18,"1,47694626283012E+018","1,47694626283012E+018",1640966404000.0,2021-12-31 17:00:04,100,,"â„¹ï¸ GÅ‚Ã³wnÄ… rolÄ… szczepieÅ„ jest zmniejszenie ryzyka hospitalizacji i zgonu z powodu COVID-19.  Nie czekaj, chroÅ„ siebie i innych!  #ZaszczepSiÄ™ ğŸ›¡ï¸  ğŸ“ 989 ğŸ’»  https://t.co/EAI6V2Lrmv ğŸ“± #mojeIKP  https://t.co/thLQCVoZDo",pl,[],"['zaszczepsiÄ™', 'mojeikp']",[],"1,34684695008008E+018","1,34684695008008E+018",szczepimysie,#SzczepimySiÄ™,5,17,https://twitter.com/szczepimysie/status/1476946262830116864,['http://pacjent.gov.pl'],['https://pbs.twimg.com/media/FHncPn9X0AECmT3.jpg'],1,https://pbs.twimg.com/media/FHncPn9X0AECmT3.jpg,False,17,101,11,0,,,,,,,,[],,,,
19,"1,47693096540668E+018","1,47693096540668E+018",1640962756000.0,2021-12-31 15:59:16,100,,"RT @GCessak: Szczepienia pozostajÄ… kluczowym elementem w walce z pandemiÄ…. ChroniÄ… przed ciÄ™Å¼kim przebiegiem choroby i Å›mierciÄ…, rÃ³wnieÅ¼ woâ€¦",pl,"[{'screen_name': 'gcessak', 'name': 'ğ—šğ—¿ğ˜‡ğ—²ğ—´ğ—¼ğ—¿ğ˜‡ ğ—–ğ—²ğ˜€ğ˜€ğ—®ğ—¸', 'id': '556859372'}]",[],[],"1,34684695008008E+018","1,34684695008008E+018",szczepimysie,#SzczepimySiÄ™,5,15,https://twitter.com/szczepimysie/status/1476930965406683141,[],[],0,,True,0,0,8,0,,,,,556859372,"Szczepienia pozostajÄ… kluczowym elementem w walce z pandemiÄ…. ChroniÄ… przed ciÄ™Å¼kim przebiegiem choroby i Å›mierciÄ…, rÃ³wnieÅ¼ wobec wariantu omikron. GorÄ…co zachÄ™cam wszystkich do zaszczepienia siÄ™, dokoÅ„czenia szczepienia podstawowego i przyjÄ™cia dawki przypominajÄ…cej. https://t.co/ZqK78JJQTl","1,47691894624265E+018",[],2021-12-31 15:11:31 Central European Standard Time,,,
20,"1,47690095163E+018","1,47690095163E+018",1640955601000.0,2021-12-31 14:00:01,100,,â¡ï¸ Wybierz mÄ…drze... zarejestruj swoje dziecko na szczepienie przeciw COVID-19 przez:  ğŸ“ infoliniÄ™ 989 ğŸ’»  https://t.co/EAI6V332L5 ğŸ“± aplikacjÄ™ #mojeIKP  WiÄ™cej info na â¤µï¸  https://t.co/qt3kdDq22c  https://t.co/JsbXoeb1NJ,pl,[],['mojeikp'],[],"1,34684695008008E+018","1,34684695008008E+018",szczepimysie,#SzczepimySiÄ™,5,14,https://twitter.com/szczepimysie/status/1476900951629996050,"['http://pacjent.gov.pl', 'https://www.gov.pl/web/szczepimysie/dzieci-5-11']",[],1,https://pbs.twimg.com/ext_tw_video_thumb/1475450853448466436/pu/img/1qMdQziDetXtnCQu.jpg,False,20,53,9,0,,,,,,,,[],,,,
21,"1,4768618027514E+018","1,47669656388805E+018",1640946267000.0,2021-12-31 11:24:27,100,,"@PBeatap PowoÅ‚uje siÄ™ Pani na austriackie ÅºrÃ³dÅ‚o, ktÃ³re jest OPINIÄ„, zawierajÄ…cÄ… wyrywane z kontekstu fragmenty brytyjskiego raportu. Fakty sÄ… takie, Å¼e .... Szczepienia marginalizujÄ… ciÄ™Å¼ki przebieg, co dosadnie widaÄ‡ na zamieszczonych poniÅ¼ej statystykach z UK.  https://t.co/ljXWx5Yxev",pl,[],[],[],"1,34684695008008E+018","1,34684695008008E+018",szczepimysie,#SzczepimySiÄ™,5,11,https://twitter.com/szczepimysie/status/1476861802751402023,[],"['https://pbs.twimg.com/media/FH7dgz_WYAAZCBQ.jpg', 'https://pbs.twimg.com/media/FH7dgz3X0AAPW7R.jpg']",1,https://pbs.twimg.com/media/FH7dgz_WYAAZCBQ.jpg,False,0,12,0,0,,,,,,,,"[{'screen_name': 'PBeatap', 'name': 'ğ•­ğ–Šğ–†ğ–™ğ–† ğ•»', 'id': '1244303888850857985'}]",,,,
22,"1,47685667564262E+018","1,47668082891056E+018",1640945044000.0,2021-12-31 11:04:04,100,,"@soipruk Zgodnie z badaniami, kaÅ¼da z dostÄ™pnych obecnie na rynku szczepionek chroni przed hospitalizacjÄ… i zgonem z powodu COVID-19. Dlatego szczepienia sÄ… kluczowe w walce z pandemiÄ… i ochronÄ… naszego Å¼ycia.    https://t.co/ffUan1rSae",pl,[],[],[],"1,34684695008008E+018","1,34684695008008E+018",szczepimysie,#SzczepimySiÄ™,5,11,https://twitter.com/szczepimysie/status/1476856675642617862,['https://szczepienia.pzh.gov.pl/faq/co-mowia-nam-dotychczasowe-wyniki-badan-klinicznych-3-fazy-szczepionek-mrna-przeciw-covid-19/'],[],0,,False,0,25,0,0,,,,,,,,"[{'screen_name': 'soipruk', 'name': 'Marcin Pioskur', 'id': '1347151978607091712'}]",,,,
23,"1,47685365536625E+018","1,47666430540376E+018",1640944324000.0,2021-12-31 10:52:04,100,,"@sjastrzebowski Dawka przypominajÄ…ca/dodatkowa jest konieczna, aby nastÄ…piÅ‚ wzrost przeciwciaÅ‚ przeciwko SARS-CoV-2 zwÅ‚aszcza w obliczu nowego wariantu. W Polsce iniekcje dawkÄ… przypominajÄ…cÄ…/dodatkowÄ… przeprowadza siÄ™ preparatami Pfizer oraz Moderna. 2/2",pl,[],[],[],"1,34684695008008E+018","1,34684695008008E+018",szczepimysie,#SzczepimySiÄ™,5,10,https://twitter.com/szczepimysie/status/1476853655366250496,[],[],0,,False,9,38,1,0,,,,,,,,"[{'screen_name': 'sjastrzebowski', 'name': 'sÅ‚awek jastrzÄ™bowski Salon24', 'id': '197703338'}]",,,,
24,"1,47684950112195E+018","1,47658386783852E+018",1640943334000.0,2021-12-31 10:35:34,100,,"@Why_Duck_ Szczepionki zostaÅ‚y przebadane pod kÄ…tem bezpieczeÅ„stwa, jakoÅ›ci, a takÅ¼e skutecznoÅ›ci. ZostaÅ‚o potwierdzone to przez EMA. To wÅ‚aÅ›nie szczepienia uratowaÅ‚y Å¼ycie i zdrowie milionom ludzi nie tylko w Europie, ale i na caÅ‚ym Å›wiecie.",pl,[],[],[],"1,34684695008008E+018","1,34684695008008E+018",szczepimysie,#SzczepimySiÄ™,5,10,https://twitter.com/szczepimysie/status/1476849501121953794,[],[],0,,False,0,6,0,0,,,,,,,,"[{'screen_name': 'Why_Duck_', 'name': 'Åajdak', 'id': '1032287082'}]",,,,
25,"1,47662822399582E+018","1,47661946719504E+018",1640890577000.0,2021-12-30 19:56:17,100,,"@RadekPiasecki1 Nie rozumiemy sensacyjnego tonu PaÅ„stwa wpisu. ArtykuÅ‚ zostaÅ‚ zaktualizowany, a w dalszej czÄ™Å›ci jest doprecyzowanie kwestii skutecznoÅ›ci klinicznej, ktÃ³ra nie zmieniÅ‚a siÄ™. ZachÄ™camy do uwaÅ¼nej lektury caÅ‚oÅ›ci materiaÅ‚u. â¬‡ï¸  https://t.co/l1EKWx5CeM  https://t.co/Ogcd5ULpdc",pl,[],[],[],"1,34684695008008E+018","1,34684695008008E+018",szczepimysie,#SzczepimySiÄ™,4,19,https://twitter.com/szczepimysie/status/1476628223995822087,['https://szczepienia.pzh.gov.pl/najlepsza-szczepionka-przeciw-covid-19-to-ta-ktora-masz-szanse-sie-zaszczepic/'],['https://pbs.twimg.com/media/FH4JY_yWUAYsnbb.jpg'],1,https://pbs.twimg.com/media/FH4JY_yWUAYsnbb.jpg,False,1,3,0,0,,,,,,,,"[{'screen_name': 'RadekPiasecki1', 'name': 'Radek K. Piasecki', 'id': '1059506714997858305'}]",,,,
26,"1,47658657571901E+018","1,47647283875648E+018",1640880647000.0,2021-12-30 17:10:47,100,,"@Krzyszt05935814 ZachÄ™camy do bardziej skrupulatnej analizy danych. ProszÄ™ spojrzeÄ‡ na liczbÄ™ zgonÃ³w. Pomimo bardziej zaraÅºliwej odmiany C-19 i wzrostu liczby zachorowaÅ„ - liczba zgonÃ³w w Portugalii jest niska. Potwierdza to skutecznoÅ›Ä‡ szczepieÅ„, ktÃ³re chroniÄ… nas przed ciÄ™Å¼kim przebiegiem C-19.  https://t.co/PQZraoGNbe",pl,[],[],[],"1,34684695008008E+018","1,34684695008008E+018",szczepimysie,#SzczepimySiÄ™,4,17,https://twitter.com/szczepimysie/status/1476586575719014412,[],['https://pbs.twimg.com/media/FH3jjrNXwAA2wel.jpg'],1,https://pbs.twimg.com/media/FH3jjrNXwAA2wel.jpg,False,0,2,0,0,,,,,,,,"[{'screen_name': 'Krzyszt05935814', 'name': 'Krzysztof', 'id': '1200555085320871942'}]",,,,
27,"1,47658386783852E+018","1,47658386783852E+018",1640880002000.0,2021-12-30 17:00:02,100,,"â„¹ï¸ Statystyki pokazujÄ…, Å¼e dzieci rÃ³wnieÅ¼ sÄ… naraÅ¼one na powaÅ¼ny przebieg COVID-19.  Szczepienia minimalizujÄ… to ryzyko. Wybierz mÄ…drze.  ğŸ“ 989 ğŸ’»  https://t.co/EAI6V332L5   https://t.co/EX6oALfojv  https://t.co/oz88GU9NjS",pl,[],[],[],"1,34684695008008E+018","1,34684695008008E+018",szczepimysie,#SzczepimySiÄ™,4,17,https://twitter.com/szczepimysie/status/1476583867838517255,"['http://pacjent.gov.pl', 'https://www.gov.pl/web/szczepimysie/rejestracja-na-szczepienie-dzieci-w-wieku-5-11-lat']",['https://pbs.twimg.com/media/FHnZebUX0AIBJ2m.jpg'],1,https://pbs.twimg.com/media/FHnZebUX0AIBJ2m.jpg,False,32,127,19,0,,,,,,,,[],,,,
28,"1,47654769139619E+018","1,47622147307753E+018",1640871377000.0,2021-12-30 14:36:17,100,,"@Zuzanna50267266 @cwik_aw To prawda, Å¼e dzieci chorujÄ… rzadziej na C-19 niÅ¼ doroÅ›li, ale wirus ten moÅ¼e prowadziÄ‡ do niebezpiecznych powikÅ‚aÅ„. Wg danych z 10 krajÃ³w Unii Europejskich wynika, Å¼e z ponad 800 000 objawowych przypadkÃ³w zachorowaÅ„ na C-19 u dzieci (od 10.2021) aÅ¼ 9 611 byÅ‚o hospitalizowanych.",pl,[],[],[],"1,34684695008008E+018","1,34684695008008E+018",szczepimysie,#SzczepimySiÄ™,4,14,https://twitter.com/szczepimysie/status/1476547691396186113,[],[],0,,False,0,2,0,0,,,,,,,,"[{'screen_name': 'Zuzanna50267266', 'name': 'Zuzanna', 'id': '1332285440364253184'}, {'screen_name': 'cwik_aw', 'name': 'dr JarosÅ‚aw Ä†wikÅ‚a', 'id': '1476303312135798787'}]",,,,
29,"1,47654658694363E+018","1,47654076881068E+018",1640871113000.0,2021-12-30 14:31:53,100,,@mefistofelleess DostÄ™pne wyniki badaÅ„ potwierdzajÄ… bezpieczeÅ„stwo i wysokÄ… skutecznoÅ›Ä‡ podawania mieszanych schematÃ³w szczepionek i podawania innego preparatu w postaci dawki przypominajÄ…cej.   PoniÅ¼ej zaÅ‚Ä…czamy komunikat Ministra Zdrowia:   https://t.co/ARFnFB39ul,pl,[],[],[],"1,34684695008008E+018","1,34684695008008E+018",szczepimysie,#SzczepimySiÄ™,4,14,https://twitter.com/szczepimysie/status/1476546586943627264,['https://www.gov.pl/web/zdrowie/komunikat-nr-9-ministra-zdrowia-w-sprawie-schematow-mieszanych-dla-szczepien-przeciw-covid-19-preparatami-astrazeneca-pfizerbiontech-moderna-oraz-janssen'],[],0,,False,1,17,0,0,,,,,,,,"[{'screen_name': 'mefistofelleess', 'name': 'Mefistofeles', 'id': '876020799022530560'}]",,,,
30,"1,4765385680426E+018","1,4765385680426E+018",1640869202000.0,2021-12-30 14:00:02,100,,"@EMA_news - Dane epidemiologiczne potwierdzajÄ…, Å¼e liczba zakaÅ¼eÅ„ i hospitalizacji dzieci w wieku 5-11 lat w ostatnich miesiÄ…cach wzrosÅ‚a. ğŸ“ˆ   â¡ï¸ Zarejestruj siÄ™ na szczepienie przez: ğŸ“ infoliniÄ™ 989 ğŸ’»  https://t.co/EAI6V332L5 ğŸ“± aplikacjÄ™ #mojeIKP   https://t.co/qt3kdDq22c",pl,[],['mojeikp'],[],"1,34684695008008E+018","1,34684695008008E+018",szczepimysie,#SzczepimySiÄ™,4,14,https://twitter.com/szczepimysie/status/1476538568042598403,"['http://pacjent.gov.pl', 'https://www.gov.pl/web/szczepimysie/dzieci-5-11']",[],0,,False,1,2,1,0,,,,,,,,[],,,,
31,"1,47651092587635E+018","1,47649677330898E+018",1640862611000.0,2021-12-30 12:10:11,100,,@Kasperson36 @MZ_GOV_PL @a_niedzielski Efekty szczepieÅ„ widaÄ‡ o w statystykach: 2/2  https://t.co/y2rh8pd1aF,pl,[],[],[],"1,34684695008008E+018","1,34684695008008E+018",szczepimysie,#SzczepimySiÄ™,4,12,https://twitter.com/szczepimysie/status/1476510925876350977,[],['https://pbs.twimg.com/media/FH2ezhPXMAMAvsX.jpg'],1,https://pbs.twimg.com/media/FH2ezhPXMAMAvsX.jpg,False,0,4,0,0,,,,,,,,"[{'screen_name': 'Kasperson36', 'name': 'Kasper Kru 7ï¸âƒ£Â®ï¸ğŸ‡µğŸ‡±ğŸ‡ºğŸ‡²', 'id': '1430945390065590274'}, {'screen_name': 'MZ_GOV_PL', 'name': 'Ministerstwo Zdrowia', 'id': '462886126'}, {'screen_name': 'a_niedzielski', 'name': 'Adam Niedzielski', 'id': '1377800274'}]",,,,
32,"1,47651075845641E+018","1,47649677330898E+018",1640862571000.0,2021-12-30 12:09:31,100,,"@Kasperson36 @MZ_GOV_PL @a_niedzielski Szczepienia sÄ… bezpieczne i minimalizujÄ… ryzyko ciÄ™Å¼kiego przebiegu C-19 w postaci hospitalizacji i zgonu. We Francji obecnie mamy do czynienia z innÄ… sytuacjÄ… epidemiologicznÄ…, niÅ¼ to byÅ‚o w poprzednich falach. Wzrost zakaÅ¼eÅ„ spowodowany jest m. in. przez wariant Omikron. 1/2",pl,[],[],[],"1,34684695008008E+018","1,34684695008008E+018",szczepimysie,#SzczepimySiÄ™,4,12,https://twitter.com/szczepimysie/status/1476510758456414211,[],[],0,,False,0,7,0,0,,,,,,,,"[{'screen_name': 'Kasperson36', 'name': 'Kasper Kru 7ï¸âƒ£Â®ï¸ğŸ‡µğŸ‡±ğŸ‡ºğŸ‡²', 'id': '1430945390065590274'}, {'screen_name': 'MZ_GOV_PL', 'name': 'Ministerstwo Zdrowia', 'id': '462886126'}, {'screen_name': 'a_niedzielski', 'name': 'Adam Niedzielski', 'id': '1377800274'}]",,,,
33,"1,47650775134182E+018","1,47650775134182E+018",1640861854000.0,2021-12-30 11:57:34,100,,RT @GCessak: DaneğŸ‡¿ğŸ‡¦: skutecznoÅ›Ä‡ #Comirnaty w zapobieganiu hospitalizacji spowodowanej wariantami â¬‡ï¸ ğŸ”´#Omicron â¡ï¸70% ğŸ”´#Delta â¡ï¸93% Potwierdâ€¦,pl,"[{'screen_name': 'gcessak', 'name': 'ğ—šğ—¿ğ˜‡ğ—²ğ—´ğ—¼ğ—¿ğ˜‡ ğ—–ğ—²ğ˜€ğ˜€ğ—®ğ—¸', 'id': '556859372'}]","['comirnaty', 'omicron', 'delta']",[],"1,34684695008008E+018","1,34684695008008E+018",szczepimysie,#SzczepimySiÄ™,4,11,https://twitter.com/szczepimysie/status/1476507751341821952,[],[],0,,True,0,0,9,0,,,,,556859372,"DaneğŸ‡¿ğŸ‡¦: skutecznoÅ›Ä‡ #Comirnaty w zapobieganiu hospitalizacji spowodowanej wariantami â¬‡ï¸
ğŸ”´#Omicron â¡ï¸70%
ğŸ”´#Delta â¡ï¸93%
Potwierdzono skutecznoÅ›Ä‡ Comirnaty w zapobieganiu ciÄ™Å¼kiej chorobie oraz redukcjÄ™ spadku odpornoÅ›ci po przyjÄ™ciu dawki przypominajÄ…cej. https://t.co/zKwba9wKMP","1,47648187238549E+018",[],2021-12-30 10:14:44 Central European Standard Time,,,
34,"1,47647846921115E+018","1,47622147307753E+018",1640854873000.0,2021-12-30 10:01:13,100,,"@MAKrawczyk1 Obecnie nie ma decyzji Rady Medycznej w sprawie dawki przypominajÄ…cej dla tej grupy wiekowej. JeÅ›li taka zapadnie, bÄ™dziemy informowaÄ‡.",pl,[],[],[],"1,34684695008008E+018","1,34684695008008E+018",szczepimysie,#SzczepimySiÄ™,4,10,https://twitter.com/szczepimysie/status/1476478469211148290,[],[],0,,False,0,0,0,0,,,,,,,,"[{'screen_name': 'MAKrawczyk1', 'name': 'Marta AK', 'id': '2761050899'}]",,,,
35,"1,47647595452872E+018","1,47631653858825E+018",1640854273000.0,2021-12-30 09:51:13,100,,@TeryAsic1 @PawelBartosik @Rafal81981747  https://t.co/cya6eQeXUb 2/2,und,[],[],[],"1,34684695008008E+018","1,34684695008008E+018",szczepimysie,#SzczepimySiÄ™,4,9,https://twitter.com/szczepimysie/status/1476475954528722944,['https://twitter.com/MZ_GOV_PL/status/1474009398309650435'],[],0,,False,0,3,0,https://twitter.com/MZ_GOV_PL/status/1474009398309650435,,,,,,,,"[{'screen_name': 'TeryAsic1', 'name': 'TeryAsic1', 'id': '992145245944139776'}, {'screen_name': 'PawelBartosik', 'name': 'pastor PaweÅ‚Bartosik', 'id': '337364673'}, {'screen_name': 'Rafal81981747', 'name': 'Rafal', 'id': '1332009095147216896'}]",,,,
36,"1,4764758427253E+018","1,47631653858825E+018",1640854247000.0,2021-12-30 09:50:47,100,,"@TeryAsic1 @PawelBartosik @Rafal81981747 Szczepionki przede wszystkim zmniejszajÄ… ryzyko ciÄ™Å¼kiego przebiegu C-19. Badania pokazujÄ…, Å¼e po zaszczepieniu transmisja wirusa jest zmarginalizowana. Z danych publikowanych regularnie przez MZ wynika, Å¼e zaledwie 2,13% w peÅ‚ni zaszczepionych zostaÅ‚o zakaÅ¼onych. 1/2",pl,[],[],[],"1,34684695008008E+018","1,34684695008008E+018",szczepimysie,#SzczepimySiÄ™,4,9,https://twitter.com/szczepimysie/status/1476475842725298176,[],[],0,,False,6,46,0,0,,,,,,,,"[{'screen_name': 'TeryAsic1', 'name': 'TeryAsic1', 'id': '992145245944139776'}, {'screen_name': 'PawelBartosik', 'name': 'pastor PaweÅ‚Bartosik', 'id': '337364673'}, {'screen_name': 'Rafal81981747', 'name': 'Rafal', 'id': '1332009095147216896'}]",,,,
37,"1,47626474892058E+018","1,47616936193734E+018",1640803918000.0,2021-12-29 19:51:58,100,,@KLubnauer SÄ… to osoby w peÅ‚ni zaszczepione.,pl,[],[],[],"1,34684695008008E+018","1,34684695008008E+018",szczepimysie,#SzczepimySiÄ™,3,19,https://twitter.com/szczepimysie/status/1476264748920578052,[],[],0,,False,1,1,0,0,,,,,,,,"[{'screen_name': 'KLubnauer', 'name': 'Katarzyna Lubnauer', 'id': '2279602543'}]",,,,
38,"1,47622457173709E+018","1,47619716272378E+018",1640794339000.0,2021-12-29 17:12:19,100,,"@valdikasator W wielu krajach mamy innÄ… sytuacjÄ™ epidemiologicznÄ….  Przez ostatnie miesiÄ…ce mobilnoÅ›Ä‡ mieszkaÅ„cÃ³w byÅ‚a znacznie wiÄ™ksza, niÅ¼ to byÅ‚o podczas poprzednich fal. Wzrosty zakaÅ¼eÅ„ spowodowane sÄ… gÅ‚Ã³wnie przez bardziej zakaÅºne warianty wirusa: Delta oraz Omikron.",pl,[],[],[],"1,34684695008008E+018","1,34684695008008E+018",szczepimysie,#SzczepimySiÄ™,3,17,https://twitter.com/szczepimysie/status/1476224571737092101,[],[],0,,False,2,6,1,0,,,,,,,,"[{'screen_name': 'valdikasator', 'name': 'Valdikasator', 'id': '910035455948853250'}]",,,,
39,"1,47622226933264E+018","1,47616936193734E+018",1640793790000.0,2021-12-29 17:03:10,100,,@KLubnauer ~64% osÃ³b peÅ‚noletnich jest zaszczepionych.,pl,[],[],[],"1,34684695008008E+018","1,34684695008008E+018",szczepimysie,#SzczepimySiÄ™,3,17,https://twitter.com/szczepimysie/status/1476222269332639744,[],[],0,,False,12,5,2,0,,,,,,,,"[{'screen_name': 'KLubnauer', 'name': 'Katarzyna Lubnauer', 'id': '2279602543'}]",,,,
40,"1,47622147307753E+018","1,47622147307753E+018",1640793600000.0,2021-12-29 17:00:00,100,,â„¹ï¸ Dzieci rÃ³wnieÅ¼ sÄ… naraÅ¼one na ciÄ™Å¼ki przebieg COVID-19 oraz szereg groÅºnych powikÅ‚aÅ„.   âœ… Wybierz mÄ…drze. #ZaszczepSiÄ™ i swoich bliskich.   Zarejestruj siÄ™ przez: ğŸ“ infoliniÄ™ 989 ğŸ’»  https://t.co/EAI6V332L5 ğŸ“± aplikacjÄ™ #mojeIKP  https://t.co/R9Hs4BtPBs,pl,[],"['zaszczepsiÄ™', 'mojeikp']",[],"1,34684695008008E+018","1,34684695008008E+018",szczepimysie,#SzczepimySiÄ™,3,17,https://twitter.com/szczepimysie/status/1476221473077534735,['http://pacjent.gov.pl'],['https://pbs.twimg.com/media/FHnVMusXMAU2YlY.jpg'],1,https://pbs.twimg.com/media/FHnVMusXMAU2YlY.jpg,False,37,118,15,0,,,,,,,,[],,,,
41,"1,47621659945571E+018","1,47621177764604E+018",1640792438000.0,2021-12-29 16:40:38,100,,@Joanna_Czarna Publikowane dane sÄ… opatrzone stosownymi adnotacjami odnoÅ›nie metodologii. 2/2,pl,[],[],[],"1,34684695008008E+018","1,34684695008008E+018",szczepimysie,#SzczepimySiÄ™,3,16,https://twitter.com/szczepimysie/status/1476216599455707140,[],[],0,,False,1,4,0,0,,,,,,,,"[{'screen_name': 'Joanna_Czarna', 'name': 'Joanna Czarna', 'id': '3397086629'}]",,,,
42,"1,47621653497249E+018","1,47621177764604E+018",1640792423000.0,2021-12-29 16:40:23,100,,@Joanna_Czarna Dane sÄ… agregowane bardzo precyzyjne. SÄ… dostÄ™pne dla wielu przedziaÅ‚Ã³w czasowych po konkretnej dawce czy z uwzglÄ™dnieniem liczby dni jakie upÅ‚ynÄ™Å‚y od szczepienia. Fakt zwiÄ…zany z uznaniem kogoÅ› za osobÄ™ w peÅ‚ni zaszczepionÄ… wynika z argumentacji medycznej. 1/2,pl,[],[],[],"1,34684695008008E+018","1,34684695008008E+018",szczepimysie,#SzczepimySiÄ™,3,16,https://twitter.com/szczepimysie/status/1476216534972485633,[],[],0,,False,2,18,0,0,,,,,,,,"[{'screen_name': 'Joanna_Czarna', 'name': 'Joanna Czarna', 'id': '3397086629'}]",,,,
43,"1,47620962507046E+018","1,47618288322844E+018",1640790775000.0,2021-12-29 16:12:55,100,,"@Danuta29827246 NiewystarczajÄ…cy jest rÃ³wnieÅ¼ poziom zaszczepienia dawkÄ… przypominajÄ…cÄ… wÅ›rÃ³d seniorÃ³w.  W tej grupie istnieje wiÄ™ksza szansa pojawienia siÄ™ infekcji przeÅ‚amujÄ…cych z uwagi na to, Å¼e jest ona obciÄ…Å¼ona wielochorobowoÅ›ciami. 2/2",pl,[],[],[],"1,34684695008008E+018","1,34684695008008E+018",szczepimysie,#SzczepimySiÄ™,3,16,https://twitter.com/szczepimysie/status/1476209625070456837,[],[],0,,False,2,4,1,0,,,,,,,,"[{'screen_name': 'Danuta29827246', 'name': 'Danuta', 'id': '1309490442665373701'}]",,,,
44,"1,47620951073793E+018","1,47618288322844E+018",1640790748000.0,2021-12-29 16:12:28,100,,"@Danuta29827246 PorÃ³wnywanie dwÃ³ch okresÃ³w czasowych przy innym kontekÅ›cie nie daje pola do wyciÄ…gania wnioskÃ³w. Obecnie znajdujemy siÄ™ w innej sytuacji epidemiologicznej (zwiÄ™kszona mobilnoÅ›Ä‡ mieszkaÅ„cÃ³w, bardziej zakaÅºna mutacja wirusa). 1/2",pl,[],[],[],"1,34684695008008E+018","1,34684695008008E+018",szczepimysie,#SzczepimySiÄ™,3,16,https://twitter.com/szczepimysie/status/1476209510737928196,[],[],0,,False,7,10,1,0,,,,,,,,"[{'screen_name': 'Danuta29827246', 'name': 'Danuta', 'id': '1309490442665373701'}]",,,,
45,"1,47620558983552E+018","1,47620558983552E+018",1640789813000.0,2021-12-29 15:56:53,100,,RT @GCessak: Wyniki badaÅ„[PREPRINT] podanie dawki przypominajÄ…cej szczepionki Novavax ok. 6 miesiÄ™cy po przyjÄ™ciu schematu dwudawkowego spoâ€¦,pl,"[{'screen_name': 'gcessak', 'name': 'ğ—šğ—¿ğ˜‡ğ—²ğ—´ğ—¼ğ—¿ğ˜‡ ğ—–ğ—²ğ˜€ğ˜€ğ—®ğ—¸', 'id': '556859372'}]",[],[],"1,34684695008008E+018","1,34684695008008E+018",szczepimysie,#SzczepimySiÄ™,3,15,https://twitter.com/szczepimysie/status/1476205589835522053,[],[],0,,True,0,0,12,0,,,,,556859372,"Wyniki badaÅ„[PREPRINT] podanie dawki przypominajÄ…cej szczepionki Novavax ok. 6 miesiÄ™cy po przyjÄ™ciu schematu dwudawkowego spowodowaÅ‚o wzmocnionÄ… odpowiedÅº immunologicznÄ…,zarÃ³wno w przypadku szczepu pierwotnego, jak i wariantÃ³w Beta, Alfa, Delta i Omikron. https://t.co/fAv3G6WtmB","1,47610448774812E+018",[],2021-12-29 09:15:09 Central European Standard Time,,,
46,"1,4762025511335E+018","1,4762025511335E+018",1640789089000.0,2021-12-29 15:44:49,100,,"RT @BoguckiZbigniew: ğŸŸ¥DziÅ› w #Szczecin miaÅ‚em przyjemnoÅ›Ä‡ podziÄ™kowaÄ‡ druhnom i druhom z Ochotniczych StraÅ¼y PoÅ¼arnych, ktÃ³rzy zaangaÅ¼owaliâ€¦",pl,"[{'screen_name': 'boguckizbigniew', 'name': 'zbigniew boguckiğŸ‡µğŸ‡± wojewoda zachodniopomorski', 'id': '3723185537'}]",['szczecin'],[],"1,34684695008008E+018","1,34684695008008E+018",szczepimysie,#SzczepimySiÄ™,3,15,https://twitter.com/szczepimysie/status/1476202551133495300,[],[],0,,True,0,0,11,0,,,,,3723185537,"ğŸŸ¥DziÅ› w #Szczecin miaÅ‚em przyjemnoÅ›Ä‡ podziÄ™kowaÄ‡ druhnom i druhom z Ochotniczych StraÅ¼y PoÅ¼arnych, ktÃ³rzy zaangaÅ¼owali siÄ™ w akcjÄ™ @szczepimysie z #OSP.
ğŸŸ¥Najlepsi w kraju okazali siÄ™ straÅ¼acy ochotnicy z #OSP #TrzebieÅ¼,ktÃ³rzy otrzymajÄ… nagrodÄ™ o wartoÅ›ci 1ï¸âƒ£MILIONğŸ’¥zÅ‚otychâ€¼ï¸ğŸ‘ğŸ˜ƒ https://t.co/owO693kMu8","1,47616457412249E+018",[],2021-12-29 13:13:54 Central European Standard Time,,,
47,"1,4761976694712E+018","1,47617618010989E+018",1640787925000.0,2021-12-29 15:25:25,100,,"@st_feu Wzrost zakaÅ¼eÅ„ w Europie zwiÄ…zany jest z innÄ… sytuacjÄ… epidemiologiczÄ…. W wielu krajach mamy do czynienia z bardziej zakaÅºnym wariantem wirusa. RolÄ… szczepionek jest minimalizowanie ryzyka hospitalizacji i zgonu z powodu C-19 i to siÄ™ udaje, co widaÄ‡ np. w W. Brytanii.  https://t.co/OaJRKhZYmD",pl,[],[],[],"1,34684695008008E+018","1,34684695008008E+018",szczepimysie,#SzczepimySiÄ™,3,15,https://twitter.com/szczepimysie/status/1476197669471203329,[],['https://pbs.twimg.com/media/FHyB6S_WQAEbl_E.jpg'],1,https://pbs.twimg.com/media/FHyB6S_WQAEbl_E.jpg,False,7,52,1,0,,,,,,,,"[{'screen_name': 'st_feu', 'name': 'Prof. dr K. Sajmon PL 2050,5', 'id': '827964887007629312'}]",,,,
48,"1,47619632516325E+018","1,47592555154215E+018",1640787604000.0,2021-12-29 15:20:04,100,,"@MiroKa30045644 Wzrost zakaÅ¼eÅ„ w Europie zwiÄ…zany jest z innÄ… sytuacjÄ… epidemiologiczÄ…. W wielu krajach mamy do czynienia z bardziej zakaÅºnym wariantem wirusa. RolÄ… szczepionek jest minimalizowanie ryzyka hospitalizacji i zgonu z powodu C-19 i to siÄ™ udaje, co widaÄ‡ np. w W. Brytanii.  https://t.co/zTFPpmpg3E",pl,[],[],[],"1,34684695008008E+018","1,34684695008008E+018",szczepimysie,#SzczepimySiÄ™,3,15,https://twitter.com/szczepimysie/status/1476196325163253763,[],['https://pbs.twimg.com/media/FHyAavNWQAEfqBs.jpg'],1,https://pbs.twimg.com/media/FHyAavNWQAEfqBs.jpg,False,1,8,0,0,,,,,,,,"[{'screen_name': 'MiroKa30045644', 'name': 'Miro Ka', 'id': '1138334483432820736'}]",,,,
49,"1,47619220238472E+018","1,47616759443247E+018",1640786622000.0,2021-12-29 15:03:42,100,,"@ania_curly Obecnie nie ma rekomendacji Rady Medycznej odnoÅ›nie dawki przypominajÄ…cej dla grupy wiekowej 12-18 lat. JeÅ›li taka zapadnie, bÄ™dziemy informowaÄ‡ na bieÅ¼Ä…co.",pl,[],[],[],"1,34684695008008E+018","1,34684695008008E+018",szczepimysie,#SzczepimySiÄ™,3,15,https://twitter.com/szczepimysie/status/1476192202384723969,[],[],0,,False,1,1,1,0,,,,,,,,"[{'screen_name': 'ania_curly', 'name': 'Anuszka CnÃ³t NiewieÅ›cich PeÅ‚na', 'id': '1280805300233273348'}]",,,,
50,"1,47617885697758E+018","1,47592555154215E+018",1640783440000.0,2021-12-29 14:10:40,100,,"@MiroKa30045644 Szczepionki codziennie ratujÄ… ludzi chroniÄ…c przed ciÄ™Å¼kimi zachorowaniami i zgonami z powodu koronawirusa -potwierdzajÄ… to liczne badania. WedÅ‚ug ocen PHE powszechne szczepienia w UK uchroniÅ‚y przed zakaÅ¼eniem ~24 miliony osÃ³b, a prawie 100 000 osÃ³b uratowaÅ‚y przed zgonem.",pl,[],[],[],"1,34684695008008E+018","1,34684695008008E+018",szczepimysie,#SzczepimySiÄ™,3,14,https://twitter.com/szczepimysie/status/1476178856977575937,[],[],0,,False,7,12,0,0,,,,,,,,"[{'screen_name': 'MiroKa30045644', 'name': 'Miro Ka', 'id': '1138334483432820736'}]",,,,
51,"1,47617618010989E+018","1,47617618010989E+018",1640782802000.0,2021-12-29 14:00:02,100,,"ZakaÅ¼enia wÅ›rÃ³d zaszczepionych?  â¡ï¸ Infekcje przeÅ‚amujÄ…ce to naturalne zjawisko, Å›wiadczÄ…ce o skutecznoÅ›ci szczepieÅ„. ğŸ›¡ï¸  WiÄ™cej informacji:  https://t.co/nJgNWn7RE7  https://t.co/rh05QzPyFh",pl,[],[],[],"1,34684695008008E+018","1,34684695008008E+018",szczepimysie,#SzczepimySiÄ™,3,14,https://twitter.com/szczepimysie/status/1476176180109885440,"['https://szczepienia.pzh.gov.pl/dla-lekarzy/paradoksy-epidemiologiczne/?strona=1#jezeli-widzimy-coraz-wiecej-chorych,-ktorzy-byli-zaszczepieni,-swiadczy-to-o-skutecznym-programie-szczepien!-']",['https://pbs.twimg.com/media/FHnTx3pXMAI0Lkt.jpg'],1,https://pbs.twimg.com/media/FHnTx3pXMAI0Lkt.jpg,False,75,328,29,0,,,,,,,,[],,,,
52,"1,47617548928695E+018","1,47616936193734E+018",1640782637000.0,2021-12-29 13:57:17,100,,@KLubnauer OczywiÅ›cie zbierzemy aktualne dane i wrÃ³cimy do Pani z informacjÄ….,pl,[],[],[],"1,34684695008008E+018","1,34684695008008E+018",szczepimysie,#SzczepimySiÄ™,3,13,https://twitter.com/szczepimysie/status/1476175489286946817,[],[],0,,False,4,4,0,0,,,,,,,,"[{'screen_name': 'KLubnauer', 'name': 'Katarzyna Lubnauer', 'id': '2279602543'}]",,,,
53,"1,47613672149032E+018","1,47608717243654E+018",1640773394000.0,2021-12-29 11:23:14,100,,"@placzekgrzegorz @MZ_GOV_PL @a_niedzielski @michaldworczyk Na podstawie danych zebranych z 10 krajÃ³w Unii Europejskich wynika, Å¼e z ponad 800 000 objawowych przypadkÃ³w zachorowaÅ„ na COVID-19 u dzieci (do 10.2021) aÅ¼ 9 611 byÅ‚o hospitalizowanych. Dlatego warto wzmocniÄ‡ ochronÄ™ najmÅ‚odszych. 2/2",pl,[],[],[],"1,34684695008008E+018","1,34684695008008E+018",szczepimysie,#SzczepimySiÄ™,3,11,https://twitter.com/szczepimysie/status/1476136721490321409,[],[],0,,False,4,25,0,0,,,,,,,,"[{'screen_name': 'placzekgrzegorz', 'name': '#tosiesamokomentuje', 'id': '1284852220593414146'}, {'screen_name': 'MZ_GOV_PL', 'name': 'Ministerstwo Zdrowia', 'id': '462886126'}, {'screen_name': 'a_niedzielski', 'name': 'Adam Niedzielski', 'id': '1377800274'}, {'screen_name': 'michaldworczyk', 'name': 'MichaÅ‚ Dworczyk', 'id': '2776583390'}]",,,,
54,"1,47613663002089E+018","1,47608717243654E+018",1640773372000.0,2021-12-29 11:22:52,100,,"@placzekgrzegorz @MZ_GOV_PL @a_niedzielski @michaldworczyk Nie uwzglÄ™dnia Pan, Å¼e w porÃ³wnaniu z poprzednim rokiem, mamy do czynienia z bardziej zakaÅºnymi wariantami C-19. Mimo, Å¼e dzieci chorujÄ… rzadziej niÅ¼ doroÅ›li, to niestety zdarzajÄ… siÄ™ przypadki takÅ¼e zgonÃ³w czy ciÄ™Å¼kich powikÅ‚aÅ„ spowodowanych C-19. 1/2",pl,[],[],[],"1,34684695008008E+018","1,34684695008008E+018",szczepimysie,#SzczepimySiÄ™,3,11,https://twitter.com/szczepimysie/status/1476136630020886536,[],[],0,,False,6,26,0,0,,,,,,,,"[{'screen_name': 'placzekgrzegorz', 'name': '#tosiesamokomentuje', 'id': '1284852220593414146'}, {'screen_name': 'MZ_GOV_PL', 'name': 'Ministerstwo Zdrowia', 'id': '462886126'}, {'screen_name': 'a_niedzielski', 'name': 'Adam Niedzielski', 'id': '1377800274'}, {'screen_name': 'michaldworczyk', 'name': 'MichaÅ‚ Dworczyk', 'id': '2776583390'}]",,,,
55,"1,47613002205851E+018","1,47608199827182E+018",1640771797000.0,2021-12-29 10:56:37,100,,"@davoff994_d Wielokrotnie podkreÅ›laliÅ›my, Å¼e nie moÅ¼na mÃ³wiÄ‡ o eksperymencie, w kontekÅ›cie sprawdzonego i przebadanego pod kÄ…tem bezpieczeÅ„stwa preparatu, ktÃ³ry dziaÅ‚a zgodnie z ChPL. O warunkowej procedurze przeczyta Pan wiÄ™cej pod poniÅ¼szym linkiem:   https://t.co/I9kSywIHNO",pl,[],[],[],"1,34684695008008E+018","1,34684695008008E+018",szczepimysie,#SzczepimySiÄ™,3,10,https://twitter.com/szczepimysie/status/1476130022058508293,['https://szczepienia.pzh.gov.pl/faq/na-czym-polega-warunkowe-dopuszczenie-do-obrotu-szczepionek-przeciw-covid-19-w-europejskiej-agencji-lekow/'],[],0,,False,0,11,0,0,,,,,,,,"[{'screen_name': 'davoff994_d', 'name': 'RafaÅ‚ ğŸ‡µğŸ‡±', 'id': '939241769635647493'}]",,,,
56,"1,47589535667626E+018","1,47557851270688E+018",1640715848000.0,2021-12-28 19:24:08,100,,"@OsieckaNguyet @Filip77341432 Nie mamy jeszcze w tej sprawie Å¼adnych informacji - jeÅ¼eli bÄ™dzie taka decyzja, bÄ™dziemy o tym komunikowali.",pl,[],[],[],"1,34684695008008E+018","1,34684695008008E+018",szczepimysie,#SzczepimySiÄ™,2,19,https://twitter.com/szczepimysie/status/1475895356676259850,[],[],0,,False,0,1,0,0,,,,,,,,"[{'screen_name': 'OsieckaNguyet', 'name': 'Nguyet P-O', 'id': '4555303395'}, {'screen_name': 'Filip77341432', 'name': 'Filip Sokorski', 'id': '1239834924716363777'}]",,,,
57,"1,47587938137772E+018","1,47587938137772E+018",1640712039000.0,2021-12-28 18:20:39,100,,"RT @GCessak: Kolejne potwierdzenie zasadnoÅ›ci szczepieÅ„ kobiet w ciÄ…Å¼y: badanie poziomu przeciwciaÅ‚ IgG po porodzie udowodniÅ‚o, Å¼e szczepieâ€¦",pl,"[{'screen_name': 'gcessak', 'name': 'ğ—šğ—¿ğ˜‡ğ—²ğ—´ğ—¼ğ—¿ğ˜‡ ğ—–ğ—²ğ˜€ğ˜€ğ—®ğ—¸', 'id': '556859372'}]",[],[],"1,34684695008008E+018","1,34684695008008E+018",szczepimysie,#SzczepimySiÄ™,2,18,https://twitter.com/szczepimysie/status/1475879381377724419,[],[],0,,True,0,0,17,0,,,,,556859372,"Kolejne potwierdzenie zasadnoÅ›ci szczepieÅ„ kobiet w ciÄ…Å¼y: badanie poziomu przeciwciaÅ‚ IgG po porodzie udowodniÅ‚o, Å¼e szczepienie #Comirnaty w drugim trymestrze ciÄ…Å¼y indukuje odp.humoralnÄ… matki i umoÅ¼liwia przekazanie odpornoÅ›ci dziecku. #SzczepimysiÄ™ â¤µï¸
https://t.co/qbdrhEkBgH","1,47586303101185E+018",[],2021-12-28 17:15:41 Central European Standard Time,,,
58,"1,47585909238406E+018","1,47585909238406E+018",1640707202000.0,2021-12-28 17:00:02,100,,"âœ… PrzyspieszyliÅ›my szczepienia osÃ³b 50+.  PamiÄ™taj, Å¼e teraz moÅ¼esz zaszczepiÄ‡ siÄ™ juÅ¼ po 5 miesiÄ…cach od poprzedniej dawki.   ğŸ“ 989 ğŸ’»  https://t.co/EAI6V2Lrmv  https://t.co/HFTad11uYk",pl,[],[],[],"1,34684695008008E+018","1,34684695008008E+018",szczepimysie,#SzczepimySiÄ™,2,17,https://twitter.com/szczepimysie/status/1475859092384059394,['http://pacjent.gov.pl'],['https://pbs.twimg.com/media/FHnTCrpXIAgmiya.jpg'],1,https://pbs.twimg.com/media/FHnTCrpXIAgmiya.jpg,False,37,76,14,0,,,,,,,,[],,,,
59,"1,47585836646766E+018","1,47583719177552E+018",1640707029000.0,2021-12-28 16:57:09,100,,"@katarzyna_ts Ponadto AmerykaÅ„ska CDC zauwaÅ¼a, Å¼e wskaÅºnik hospitalizacji pediatrycznych zwiÄ™kszyÅ‚ siÄ™ drastycznie. NajwyÅ¼szy wzrost dotyczyÅ‚ grupy wieku 0â€“4 lata. WskaÅºnik hospitalizacji wÅ›rÃ³d nieszczepionych nastolatkÃ³w (12â€“17 lat) byÅ‚ 10 x wyÅ¼szy w porÃ³wnaniu do w peÅ‚ni zaszczepionych. 2/2",pl,[],[],[],"1,34684695008008E+018","1,34684695008008E+018",szczepimysie,#SzczepimySiÄ™,2,16,https://twitter.com/szczepimysie/status/1475858366467657731,[],[],0,,False,0,2,0,0,,,,,,,,"[{'screen_name': 'katarzyna_ts', 'name': 'Katarzyna Treter-SierpiÅ„ska', 'id': '864516245063946241'}]",,,,
60,"1,47585824019812E+018","1,47583719177552E+018",1640706999000.0,2021-12-28 16:56:39,100,,"@katarzyna_ts MÅ‚odsi chorujÄ… rzadziej niÅ¼ doroÅ›li, ale nie jest to marginalne zjawisko. Wg danych zebranych z 10 krajÃ³w UE wynika, Å¼e z ponad 800 000 objawowych przypadkÃ³w zachorowaÅ„ na C-19 u dzieci (od 10.2021) aÅ¼ 9 611 byÅ‚o hospitalizowanych. Nie moÅ¼emy lekcewaÅ¼yÄ‡ C-19 wÅ›rÃ³d dzieci 1/2",pl,[],[],[],"1,34684695008008E+018","1,34684695008008E+018",szczepimysie,#SzczepimySiÄ™,2,16,https://twitter.com/szczepimysie/status/1475858240198123524,[],[],0,,False,1,6,0,0,,,,,,,,"[{'screen_name': 'katarzyna_ts', 'name': 'Katarzyna Treter-SierpiÅ„ska', 'id': '864516245063946241'}]",,,,
61,"1,47583061958222E+018","1,47581378836032E+018",1640700413000.0,2021-12-28 15:06:53,100,,@pdutkals @MZ_GOV_PL Prosimy Å›ledziÄ‡ stronÄ™ - bÄ™dziemy informowaÄ‡ na bieÅ¼Ä…co.,pl,[],[],[],"1,34684695008008E+018","1,34684695008008E+018",szczepimysie,#SzczepimySiÄ™,2,15,https://twitter.com/szczepimysie/status/1475830619582222347,[],[],0,,False,1,5,0,0,,,,,,,,"[{'screen_name': 'pdutkals', 'name': 'Pawel D', 'id': '82582808'}, {'screen_name': 'MZ_GOV_PL', 'name': 'Ministerstwo Zdrowia', 'id': '462886126'}]",,,,
62,"1,47582605412836E+018","1,47581609165821E+018",1640699325000.0,2021-12-28 14:48:45,100,,"@katarzyna_ts Nie ma dowodÃ³w na powiÄ…zanie przyczynowo-skutkowe miÄ™dzy szczepieniem, a wymienianymi zdarzeniami. Szczepionki sÄ… przebadane pod kÄ…tem bezpieczeÅ„stwa i jakoÅ›ci, co jest rÃ³wnieÅ¼ na bieÅ¼Ä…co monitorowane poprzez odpowiednie instytucje na poziomie krajowym i europejskim.",pl,[],[],[],"1,34684695008008E+018","1,34684695008008E+018",szczepimysie,#SzczepimySiÄ™,2,14,https://twitter.com/szczepimysie/status/1475826054128361475,[],[],0,,False,0,5,0,0,,,,,,,,"[{'screen_name': 'katarzyna_ts', 'name': 'Katarzyna Treter-SierpiÅ„ska', 'id': '864516245063946241'}]",,,,
63,"1,47581794469752E+018","1,47581609165821E+018",1640697392000.0,2021-12-28 14:16:32,100,,"@katarzyna_ts Naukowcy potwierdzajÄ…, Å¼e C-19 wywoÅ‚uje u dzieci niebezpieczne powikÅ‚ania takie, jak np. zapalenie pÅ‚uc, czy niedotlenienie, ktÃ³re sÄ… rzadsze u dzieci po grypie sezonowej. Dlatego warto wzmocniÄ‡ ochronÄ™ najmÅ‚odszych. WiÄ™cej informacji znajdzie Paniâ¤µï¸  https://t.co/J1sA9ZeSan",pl,[],[],[],"1,34684695008008E+018","1,34684695008008E+018",szczepimysie,#SzczepimySiÄ™,2,14,https://twitter.com/szczepimysie/status/1475817944697524229,['https://szczepienia.pzh.gov.pl/o-czym-powinni-wiedziec-rodzice-ktorzy-podejmuja-decyzje-o-szczepieniu-dziecka-przeciw-covid-19/'],[],0,,False,0,8,0,0,,,,,,,,"[{'screen_name': 'katarzyna_ts', 'name': 'Katarzyna Treter-SierpiÅ„ska', 'id': '864516245063946241'}]",,,,
64,"1,47581378836032E+018","1,47581378836032E+018",1640696401000.0,2021-12-28 14:00:01,100,,"âœ… Badania wykazaÅ‚y bezpieczeÅ„stwo i skutecznoÅ›Ä‡ szczepieÅ„ dzieci.  Rodzicu, pandemia COVID-19 dotyczy teÅ¼ dzieci.   #SzczepimySiÄ™ ğŸ›¡ï¸   https://t.co/EX6oALfojv  https://t.co/gkmLNDs5LQ",pl,[],['szczepimysiÄ™'],[],"1,34684695008008E+018","1,34684695008008E+018",szczepimysie,#SzczepimySiÄ™,2,14,https://twitter.com/szczepimysie/status/1475813788360323074,['https://www.gov.pl/web/szczepimysie/rejestracja-na-szczepienie-dzieci-w-wieku-5-11-lat'],['https://pbs.twimg.com/media/FHnRyHSX0AMZr2s.jpg'],1,https://pbs.twimg.com/media/FHnRyHSX0AMZr2s.jpg,False,55,115,17,0,,,,,,,,[],,,,
65,"1,47580008970054E+018","1,47560673401423E+018",1640693135000.0,2021-12-28 13:05:35,100,,@CaleTomasz @Ryszard39144183 OdnosiliÅ›my siÄ™ do tej kwestii w innym wÄ…tku:  https://t.co/onouHa8LE7,pl,[],[],[],"1,34684695008008E+018","1,34684695008008E+018",szczepimysie,#SzczepimySiÄ™,2,13,https://twitter.com/szczepimysie/status/1475800089700536320,['https://twitter.com/szczepimysie/status/1475798938947133443?s=20'],[],0,,False,0,3,0,https://twitter.com/szczepimysie/status/1475798938947133443?s=20,,,,,,,,"[{'screen_name': 'CaleTomasz', 'name': 'Tomasz Cale', 'id': '1089625358100516869'}, {'screen_name': 'Ryszard39144183', 'name': 'Ryszard', 'id': '1289288930609762304'}]",,,,
66,"1,47579940819748E+018","1,47578468440358E+018",1640692972000.0,2021-12-28 13:02:52,100,,"@MaSwitala @MZ_GOV_PL @WaldekKraska @a_niedzielski W oczekiwaniu na skierowanie na dawkÄ™ przypominajÄ…cÄ…, w dalszym ciÄ…gu moÅ¼e Pani posÅ‚ugiwaÄ‡ siÄ™ dotychczasowym certyfikatem. 2/2",pl,[],[],[],"1,34684695008008E+018","1,34684695008008E+018",szczepimysie,#SzczepimySiÄ™,2,13,https://twitter.com/szczepimysie/status/1475799408197484544,[],[],0,,False,0,0,0,0,,,,,,,,"[{'screen_name': 'MaSwitala', 'name': 'MaÅ‚gorzata ÅšwitaÅ‚a', 'id': '3294822892'}, {'screen_name': 'MZ_GOV_PL', 'name': 'Ministerstwo Zdrowia', 'id': '462886126'}, {'screen_name': 'WaldekKraska', 'name': 'Waldemar Kraska', 'id': '3279230531'}, {'screen_name': 'a_niedzielski', 'name': 'Adam Niedzielski', 'id': '1377800274'}]",,,,
67,"1,47579933327462E+018","1,47578468440358E+018",1640692954000.0,2021-12-28 13:02:34,100,,"@MaSwitala @MZ_GOV_PL @WaldekKraska @a_niedzielski Eksport, z uwagi na skalÄ™, odbywa siÄ™ raz w tygodniu (z niedzieli na poniedziaÅ‚ek). Taki model funkcjonuje od poczÄ…tku programu szczepieÅ„ i pozwala sprawnie przeprowadzaÄ‡ caÅ‚y proces majÄ…cy wpÅ‚yw na resztÄ™ aspektÃ³w NPS. 1/2",pl,[],[],[],"1,34684695008008E+018","1,34684695008008E+018",szczepimysie,#SzczepimySiÄ™,2,13,https://twitter.com/szczepimysie/status/1475799333274624001,[],[],0,,False,0,2,0,0,,,,,,,,"[{'screen_name': 'MaSwitala', 'name': 'MaÅ‚gorzata ÅšwitaÅ‚a', 'id': '3294822892'}, {'screen_name': 'MZ_GOV_PL', 'name': 'Ministerstwo Zdrowia', 'id': '462886126'}, {'screen_name': 'WaldekKraska', 'name': 'Waldemar Kraska', 'id': '3279230531'}, {'screen_name': 'a_niedzielski', 'name': 'Adam Niedzielski', 'id': '1377800274'}]",,,,
68,"1,47579901461234E+018","1,47576119239213E+018",1640692878000.0,2021-12-28 13:01:18,100,,"@szczepienie @MZ_GOV_PL Zbierane sÄ… dane, ktÃ³re umoÅ¼liwiajÄ… precyzyjnÄ… weryfikacjÄ™ statusu szczepienia. Do raportowania naleÅ¼y przyjÄ…Ä‡ kryteria, zgodne z metodologiÄ… - co teÅ¼ uczyniÅ‚o PZH. 2/2",pl,[],[],[],"1,34684695008008E+018","1,34684695008008E+018",szczepimysie,#SzczepimySiÄ™,2,13,https://twitter.com/szczepimysie/status/1475799014612344832,[],[],0,,False,2,6,0,0,,,,,,,,"[{'screen_name': 'szczepienie', 'name': 'szczepienie.info', 'id': '1031098667690852353'}, {'screen_name': 'MZ_GOV_PL', 'name': 'Ministerstwo Zdrowia', 'id': '462886126'}]",,,,
69,"1,47579893894713E+018","1,47576119239213E+018",1640692860000.0,2021-12-28 13:01:00,100,,"@szczepienie @MZ_GOV_PL Po raz kolejny wyrywajÄ… PaÅ„stwo z kontekstu zdanie i budujÄ… tezy bez odniesienia do rzeczywistoÅ›ci. To czysta manipulacja. Dane o wspomnianych przez PaÅ„stwa przypadkach sÄ… przedstawiane na podstawie rzetelnej metodologii, co wykazano w odpowiedzi mailowej. 1/2",pl,[],[],[],"1,34684695008008E+018","1,34684695008008E+018",szczepimysie,#SzczepimySiÄ™,2,13,https://twitter.com/szczepimysie/status/1475798938947133443,[],[],0,,False,4,8,0,0,,,,,,,,"[{'screen_name': 'szczepienie', 'name': 'szczepienie.info', 'id': '1031098667690852353'}, {'screen_name': 'MZ_GOV_PL', 'name': 'Ministerstwo Zdrowia', 'id': '462886126'}]",,,,
70,"1,47579312450091E+018","1,47579312450091E+018",1640691474000.0,2021-12-28 12:37:54,100,,RT @GCessak: Wyniki badaÅ„ ğŸ‡§ğŸ‡ª[PREPRINT] potwierdzajÄ…ce koniecznoÅ›Ä‡ podawania dawek przypominajÄ…cych: zachowana neutralizacja wariantu Omikroâ€¦,pl,"[{'screen_name': 'gcessak', 'name': 'ğ—šğ—¿ğ˜‡ğ—²ğ—´ğ—¼ğ—¿ğ˜‡ ğ—–ğ—²ğ˜€ğ˜€ğ—®ğ—¸', 'id': '556859372'}]",[],[],"1,34684695008008E+018","1,34684695008008E+018",szczepimysie,#SzczepimySiÄ™,2,12,https://twitter.com/szczepimysie/status/1475793124500910083,[],[],0,,True,0,0,6,0,,,,,556859372,"Wyniki badaÅ„ ğŸ‡§ğŸ‡ª[PREPRINT] potwierdzajÄ…ce koniecznoÅ›Ä‡ podawania dawek przypominajÄ…cych: zachowana neutralizacja wariantu Omikron po III dawkach szczepionki #Comirnaty oraz przy tzw. odpornoÅ›ci hybrydowej (przechorowanie C19+III dawki). 
https://t.co/zyG1akHEWN","1,47575346692042E+018",[],2021-12-28 10:00:19 Central European Standard Time,,,
71,"1,47576843188247E+018","1,47557851270688E+018",1640685587000.0,2021-12-28 10:59:47,100,,@OsieckaNguyet Prosimy o cierpliwoÅ›Ä‡. BÄ™dziemy komunikowaÄ‡ o wszystkich zmianach w tym zakresie.,pl,[],[],[],"1,34684695008008E+018","1,34684695008008E+018",szczepimysie,#SzczepimySiÄ™,2,10,https://twitter.com/szczepimysie/status/1475768431882473474,[],[],0,,False,1,4,0,0,,,,,,,,"[{'screen_name': 'OsieckaNguyet', 'name': 'Nguyet P-O', 'id': '4555303395'}]",,,,
72,"1,47576192215913E+018","1,47576192215913E+018",1640684035000.0,2021-12-28 10:33:55,100,,RT @prezydentpl: Prezydent @AndrzejDuda w @PolsatNewsPL: Jestem trzykrotnie zaszczepiony przeciw COVID-19 i wszystkich do tego namawiam. Szâ€¦,pl,"[{'screen_name': 'prezydentpl', 'name': 'kancelaria prezydenta', 'id': '43932737'}, {'screen_name': 'andrzejduda', 'name': 'andrzej duda', 'id': '202086424'}, {'screen_name': 'polsatnewspl', 'name': 'polsatnews.pl', 'id': '2383788666'}]",[],[],"1,34684695008008E+018","1,34684695008008E+018",szczepimysie,#SzczepimySiÄ™,2,10,https://twitter.com/szczepimysie/status/1475761922159128582,[],[],0,,True,0,0,102,0,,,,,43932737,Prezydent @AndrzejDuda w @PolsatNewsPL: Jestem trzykrotnie zaszczepiony przeciw COVID-19 i wszystkich do tego namawiam. Szczepienie ratuje Å¼ycie.,"1,47553798291235E+018",[],2021-12-27 19:44:03 Central European Standard Time,,,
73,"1,47575942532771E+018","1,47560673401423E+018",1640683439000.0,2021-12-28 10:23:59,100,,"@Ryszard39144183 Nie ma dowodÃ³w na to, Å¼e przypadek ten byÅ‚ powiÄ…zany ze szczepionkÄ…. Insynuowanie rzekomych przyczyn mimo innych faktÃ³w tworzy #FakeNews.",pl,[],['fakenews'],[],"1,34684695008008E+018","1,34684695008008E+018",szczepimysie,#SzczepimySiÄ™,2,10,https://twitter.com/szczepimysie/status/1475759425327710212,[],[],0,,False,39,121,2,0,,,,,,,,"[{'screen_name': 'Ryszard39144183', 'name': 'Ryszard', 'id': '1289288930609762304'}]",,,,
74,"1,4757584383954E+018","1,47559369984122E+018",1640683204000.0,2021-12-28 10:20:04,100,,"@TeryAsic1 Zadaniem szczepionek jest minimalizowanie ryzyka hospitalizacji i zgonu z powodu COVID-19. WedÅ‚ug danych publikowanych przez MZ wynika, Å¼e wÅ›rÃ³d wszystkich zgonÃ³w osÃ³b zakaÅ¼onych #koronawirus 9,41% stanowiÅ‚y osoby zaszczepione.   https://t.co/5SgroznMnS",pl,[],['koronawirus'],[],"1,34684695008008E+018","1,34684695008008E+018",szczepimysie,#SzczepimySiÄ™,2,10,https://twitter.com/szczepimysie/status/1475758438395400194,['https://twitter.com/MZ_GOV_PL/status/1474001850366152706'],[],0,,False,3,14,1,https://twitter.com/MZ_GOV_PL/status/1474001850366152706,,,,,,,,"[{'screen_name': 'TeryAsic1', 'name': 'TeryAsic1', 'id': '992145245944139776'}]",,,,
75,"1,4754967607306E+018","1,47536588615659E+018",1640620815000.0,2021-12-27 17:00:15,100,,"@Aldowiwi1 @adam_giza @MZ_GOV_PL @TVP WedÅ‚ug danych zebranych z 10 krajÃ³w Unii Europejskich wynika, Å¼e z ponad 800 000 objawowych przypadkÃ³w zachorowaÅ„ na COVID-19 u dzieci (do 10.2021) aÅ¼ 9 611 byÅ‚o hospitalizowanych. 2/2",pl,[],[],[],"1,34684695008008E+018","1,34684695008008E+018",szczepimysie,#SzczepimySiÄ™,1,17,https://twitter.com/szczepimysie/status/1475496760730603525,[],[],0,,False,0,12,0,0,,,,,,,,"[{'screen_name': 'Aldowiwi1', 'name': 'Aldowiwi', 'id': '1280076489006952450'}, {'screen_name': 'adam_giza', 'name': 'Adam Giza', 'id': '968098594090778624'}, {'screen_name': 'MZ_GOV_PL', 'name': 'Ministerstwo Zdrowia', 'id': '462886126'}, {'screen_name': 'TVP', 'name': 'BÄ…dÅºmy Razem TVP', 'id': '3378468209'}]",,,,
76,"1,47549670525669E+018","1,47549670525669E+018",1640620802000.0,2021-12-27 17:00:02,100,,JesteÅ› ozdrowieÅ„cem? Nie zapomnij siÄ™ zaszczepiÄ‡! ğŸ›¡ï¸  MoÅ¼esz to zrobiÄ‡ juÅ¼ 30 dni od pozytywnego testu na COVID-19.  â¡ï¸ Nie zwlekaj i zarejestruj siÄ™ na szczepienie przeciw COVID-19 przez:  ğŸ“ infoliniÄ™ 989 ğŸ’»  https://t.co/EAI6V2Lrmv ğŸ“± aplikacjÄ™ #mojeIKP  https://t.co/ryRezRI0tm,pl,[],['mojeikp'],[],"1,34684695008008E+018","1,34684695008008E+018",szczepimysie,#SzczepimySiÄ™,1,17,https://twitter.com/szczepimysie/status/1475496705256685568,['http://pacjent.gov.pl'],['https://pbs.twimg.com/media/FHnPPH2XoAA5XWq.jpg'],1,https://pbs.twimg.com/media/FHnPPH2XoAA5XWq.jpg,False,36,211,12,0,,,,,,,,[],,,,
77,"1,47549665153195E+018","1,47536588615659E+018",1640620789000.0,2021-12-27 16:59:49,100,,"@Aldowiwi1 @adam_giza @MZ_GOV_PL @TVP BezpieczeÅ„stwo i skutecznoÅ›Ä‡ szczepieÅ„ przeciw COVID-19 potwierdziÅ‚a  Europejska Agencja LekÃ³w.   https://t.co/YLV9hX5OR6 COVID-19 u dzieci czÄ™sto powoduje powaÅ¼ne powikÅ‚ania takie jak np. zapalenie pÅ‚uc, czy niedotlenienie, ktÃ³re sÄ… rzadsze u dzieci po grypie sezonowej. 1/2",pl,[],[],[],"1,34684695008008E+018","1,34684695008008E+018",szczepimysie,#SzczepimySiÄ™,1,16,https://twitter.com/szczepimysie/status/1475496651531948040,['https://szczepienia.pzh.gov.pl/ema-rekomenduje-szczepionke-przeciw-covid-19-dzieciom-w-wieku-5-11-lat/'],[],0,,False,0,28,0,0,,,,,,,,"[{'screen_name': 'Aldowiwi1', 'name': 'Aldowiwi', 'id': '1280076489006952450'}, {'screen_name': 'adam_giza', 'name': 'Adam Giza', 'id': '968098594090778624'}, {'screen_name': 'MZ_GOV_PL', 'name': 'Ministerstwo Zdrowia', 'id': '462886126'}, {'screen_name': 'TVP', 'name': 'BÄ…dÅºmy Razem TVP', 'id': '3378468209'}]",,,,
78,"1,4754712848301E+018","1,47545140429882E+018",1640614741000.0,2021-12-27 15:19:01,100,,"@Wojt_Pcimia @MZ_GOV_PL Szczepienia zmniejszajÄ… ryzyko ciÄ™Å¼kiego przebiegu COVID-19. Zdarza siÄ™, Å¼e niektÃ³rzy Pacjenci np. z osÅ‚abionÄ… odpornoÅ›ciÄ… odpowiadajÄ… na szczepienia sÅ‚abiej (infekcje przeÅ‚amujÄ…ce). WiÄ™cej na ten temat w artykule PZH:  https://t.co/wY2OH6Q8WN 2/2",pl,[],[],[],"1,34684695008008E+018","1,34684695008008E+018",szczepimysie,#SzczepimySiÄ™,1,15,https://twitter.com/szczepimysie/status/1475471284830101516,['https://szczepienia.pzh.gov.pl/wszystko-o-szczepieniach/jak-sie-bada-skutecznosc-szczepionek/'],[],0,,False,1,1,0,0,,,,,,,,"[{'screen_name': 'Wojt_Pcimia', 'name': 'Zygmunt Fajzer', 'id': '4048599501'}, {'screen_name': 'MZ_GOV_PL', 'name': 'Ministerstwo Zdrowia', 'id': '462886126'}]",,,,
79,"1,475471202647E+018","1,47545140429882E+018",1640614722000.0,2021-12-27 15:18:42,100,,"@Wojt_Pcimia @MZ_GOV_PL Nie mamy pewnoÅ›ci, co do wiarygodnoÅ›ci tych danych. Natomiast skutecznoÅ›Ä‡ szczepieÅ„ jest zaleÅ¼na od wielu czynnikÃ³w. Dlatego wyciÄ…ganie wnioskÃ³w na podstawie jednostkowych danych jest niezasadne. 1/2",pl,[],[],[],"1,34684695008008E+018","1,34684695008008E+018",szczepimysie,#SzczepimySiÄ™,1,15,https://twitter.com/szczepimysie/status/1475471202646994949,[],[],0,,False,1,2,0,0,,,,,,,,"[{'screen_name': 'Wojt_Pcimia', 'name': 'Zygmunt Fajzer', 'id': '4048599501'}, {'screen_name': 'MZ_GOV_PL', 'name': 'Ministerstwo Zdrowia', 'id': '462886126'}]",,,,
80,"1,47546663653882E+018","1,47545140429882E+018",1640613633000.0,2021-12-27 15:00:33,100,,"@OrdoMedicus @MZ_GOV_PL KaÅ¼dy obywatel ma peÅ‚ny dostÄ™p do aktualizowanych raportÃ³w dot. NOP. Dane wskazujÄ… na fakt, Å¼e wiÄ™kszoÅ›Ä‡ ze zgÅ‚aszanych NOP ma Å‚agodny charakter. 2/2",pl,[],[],[],"1,34684695008008E+018","1,34684695008008E+018",szczepimysie,#SzczepimySiÄ™,1,15,https://twitter.com/szczepimysie/status/1475466636538822656,[],[],0,,False,0,3,0,0,,,,,,,,"[{'screen_name': 'OrdoMedicus', 'name': 'OrdoMedicus', 'id': '1367100640787365894'}, {'screen_name': 'MZ_GOV_PL', 'name': 'Ministerstwo Zdrowia', 'id': '462886126'}]",,,,
81,"1,47546657315455E+018","1,47545140429882E+018",1640613618000.0,2021-12-27 15:00:18,100,,@OrdoMedicus @MZ_GOV_PL BezpieczeÅ„stwo szczepionki zostaÅ‚o zweryfikowane przez EuropejskÄ… AgencjÄ™ LekÃ³w zgodnie z obowiÄ…zujÄ…cymi procedurami. Sam proces monitoringu odczynÃ³w poszczepiennych jest wnikliwie na bieÅ¼Ä…co analizowany rÃ³wnieÅ¼ wedÅ‚ug wypracowanych przepisÃ³w. 1/2,pl,[],[],[],"1,34684695008008E+018","1,34684695008008E+018",szczepimysie,#SzczepimySiÄ™,1,15,https://twitter.com/szczepimysie/status/1475466573154553863,[],[],0,,False,2,10,0,0,,,,,,,,"[{'screen_name': 'OrdoMedicus', 'name': 'Fundacja Ordo Medicus', 'id': '1367100640787365894'}, {'screen_name': 'MZ_GOV_PL', 'name': 'Ministerstwo Zdrowia', 'id': '462886126'}]",,,,
82,"1,47545460926306E+018","1,4754192689761E+018",1640610766000.0,2021-12-27 14:12:46,100,,@gfkot Wszystko jest zgodne z metodologiÄ… - dane ulegajÄ… korektom.,pl,[],[],[],"1,34684695008008E+018","1,34684695008008E+018",szczepimysie,#SzczepimySiÄ™,1,14,https://twitter.com/szczepimysie/status/1475454609263054848,[],[],0,,False,2,3,0,0,,,,,,,,"[{'screen_name': 'gfkot', 'name': 'Grzegorz Kot', 'id': '1363264568'}]",,,,
83,"1,47545367436109E+018","1,47544693738616E+018",1640610543000.0,2021-12-27 14:09:03,100,,@AnnaZorba DziÄ™kujemy za informacjÄ™ zwrotnÄ… - przekaÅ¼emy sprawÄ™.,pl,[],[],[],"1,34684695008008E+018","1,34684695008008E+018",szczepimysie,#SzczepimySiÄ™,1,14,https://twitter.com/szczepimysie/status/1475453674361085963,[],[],0,,False,0,1,0,0,,,,,,,,"[{'screen_name': 'AnnaZorba', 'name': 'Anna Kwiatkowska', 'id': '2367398018'}]",,,,
84,"1,47545140429882E+018","1,47545140429882E+018",1640610002000.0,2021-12-27 14:00:02,100,,"âœ… Szczepienia sÄ… bezpieczne i zmniejszajÄ… ryzyko hospitalizacji i zgonu z powodu COVID-19.  âœ… Nie ryzykuj przechorowaniem, zaszczep siÄ™.  ğŸ“ 989 ğŸ’»  https://t.co/EAI6V2Lrmv ğŸ“±  #mojeIKP  https://t.co/6ezMCpyOVV",pl,[],['mojeikp'],[],"1,34684695008008E+018","1,34684695008008E+018",szczepimysie,#SzczepimySiÄ™,1,14,https://twitter.com/szczepimysie/status/1475451404298821638,['http://pacjent.gov.pl'],['https://pbs.twimg.com/media/FHnOPpnXMAIZ3xe.jpg'],1,https://pbs.twimg.com/media/FHnOPpnXMAIZ3xe.jpg,False,68,127,14,0,,,,,,,,[],,,,
85,"1,47544566358857E+018","1,46956360093095E+018",1640608633000.0,2021-12-27 13:37:13,100,,"@WojtekWojtula Obecnie nie ma decyzji Rady Medycznej w sprawie dawki przypominajÄ…cej dla tej grupy wiekowej. JeÅ›li taka zapadnie, bÄ™dziemy informowaÄ‡.",pl,[],[],[],"1,34684695008008E+018","1,34684695008008E+018",szczepimysie,#SzczepimySiÄ™,1,13,https://twitter.com/szczepimysie/status/1475445663588569094,[],[],0,,False,1,0,0,0,,,,,,,,"[{'screen_name': 'WojtekWojtula', 'name': 'Wojciech', 'id': '1413909625112563721'}]",,,,
86,"1,47541664387435E+018","1,4752306802925E+018",1640601714000.0,2021-12-27 11:41:54,100,,"@iwona_paulewicz Ponad 96% przypadkÃ³w C-19 dotyczy osÃ³b niezaszczepionych. Tylko u 0,33% w peÅ‚ni zaszczepionych nowojorczykÃ³w zdiagnozowano C-19. Tzn., Å¼e osoby niezaszczepione sÄ… ponad 290 razy bardziej naraÅ¼one na zÅ‚apanie C-19 w porÃ³wnaniu do osÃ³b zaszczepionych.  https://t.co/OQhOFl92o6 2/2",pl,[],[],[],"1,34684695008008E+018","1,34684695008008E+018",szczepimysie,#SzczepimySiÄ™,1,11,https://twitter.com/szczepimysie/status/1475416643874349056,['https://www1.nyc.gov/assets/doh/downloads/pdf/covid/covid-19-post-vaccination-data-082321.pdf'],[],0,,False,1,6,0,0,,,,,,,,"[{'screen_name': 'iwona_paulewicz', 'name': 'Iwona Paulewicz', 'id': '798564287371481088'}]",,,,
87,"1,47541592733222E+018","1,4752306802925E+018",1640601543000.0,2021-12-27 11:39:03,100,,"@iwona_paulewicz Szczepionki zapewniajÄ… bardzo wysokÄ… ochronÄ™ przed ciÄ™Å¼kim przebiegiem C-19, zgonem i w duÅ¼ym stopniu przed objawami. Nie chroniÄ… natomiast w 100% przed wszystkimi objawami, a tym bardziej przed zakaÅ¼eniem wirusem. Dane z Nowego Jorku pokazujÄ… jak skuteczne sÄ… szczepienia â¤µï¸ 1/2",pl,[],[],[],"1,34684695008008E+018","1,34684695008008E+018",szczepimysie,#SzczepimySiÄ™,1,11,https://twitter.com/szczepimysie/status/1475415927332216835,[],[],0,,False,2,3,0,0,,,,,,,,"[{'screen_name': 'iwona_paulewicz', 'name': 'Iwona Paulewicz', 'id': '798564287371481088'}]",,,,
88,"1,47540569250485E+018","1,47540430576309E+018",1640599103000.0,2021-12-27 10:58:23,100,,"@szczepienie Prosimy nie wyciÄ…gaÄ‡ sÅ‚Ã³w z kontekstu. Niejednokrotnie podkreÅ›laliÅ›my, Å¼e nie moÅ¼na mÃ³wiÄ‡ o eksperymencie, w kontekÅ›cie sprawdzonego i przebadanego pod kÄ…tem bezpieczeÅ„stwa preparatu, ktÃ³ry dziaÅ‚a zgodnie z ChPL.",pl,[],[],[],"1,34684695008008E+018","1,34684695008008E+018",szczepimysie,#SzczepimySiÄ™,1,10,https://twitter.com/szczepimysie/status/1475405692504846340,[],[],0,,False,0,9,0,0,,,,,,,,"[{'screen_name': 'szczepienie', 'name': 'szczepienie.info', 'id': '1031098667690852353'}]",,,,
89,"1,475404840302E+018","1,47537924986763E+018",1640598900000.0,2021-12-27 10:55:00,100,,"@szczepienie @placzekgrzegorz @MZ_GOV_PL @a_niedzielski Oznacza to, Å¼e szczepionki zostaÅ‚y przebadane pod kÄ…tem skutecznoÅ›ci i bezpieczeÅ„stwa, dlatego podkreÅ›lamy, Å¼e nie moÅ¼na tutaj mÃ³wiÄ‡ o eksperymencie. ZachÄ™camy do zapoznania siÄ™ z poniÅ¼szym materiaÅ‚em:    https://t.co/tybMFqPkM4",pl,[],[],[],"1,34684695008008E+018","1,34684695008008E+018",szczepimysie,#SzczepimySiÄ™,1,10,https://twitter.com/szczepimysie/status/1475404840302002178,['https://www.gov.pl/web/rpp/rpp-szczepienia-przeciwko-covid19-nie-sa-eksperymentem-medycznym'],[],0,,False,2,16,1,0,,,,,,,,"[{'screen_name': 'szczepienie', 'name': 'szczepienie.info', 'id': '1031098667690852353'}, {'screen_name': 'placzekgrzegorz', 'name': '#tosiesamokomentuje', 'id': '1284852220593414146'}, {'screen_name': 'MZ_GOV_PL', 'name': 'Ministerstwo Zdrowia', 'id': '462886126'}, {'screen_name': 'a_niedzielski', 'name': 'Adam Niedzielski', 'id': '1377800274'}]",,,,
90,"1,47546663653882E+018","1,47545140429882E+018",1640613633000.0,2021-12-27 15:00:33,100,,"@OrdoMedicus @MZ_GOV_PL KaÅ¼dy obywatel ma peÅ‚ny dostÄ™p do aktualizowanych raportÃ³w dot. NOP. Dane wskazujÄ… na fakt, Å¼e wiÄ™kszoÅ›Ä‡ ze zgÅ‚aszanych NOP ma Å‚agodny charakter. 2/2",pl,[],[],[],"1,34684695008008E+018","1,34684695008008E+018",szczepimysie,#SzczepimySiÄ™,1,15,https://twitter.com/szczepimysie/status/1475466636538822656,[],[],0,,False,0,3,0,0,,,,,,,,"[{'screen_name': 'OrdoMedicus', 'name': 'OrdoMedicus', 'id': '1367100640787365894'}, {'screen_name': 'MZ_GOV_PL', 'name': 'Ministerstwo Zdrowia', 'id': '462886126'}]",,,,
91,"1,47546657315455E+018","1,47545140429882E+018",1640613618000.0,2021-12-27 15:00:18,100,,@OrdoMedicus @MZ_GOV_PL BezpieczeÅ„stwo szczepionki zostaÅ‚o zweryfikowane przez EuropejskÄ… AgencjÄ™ LekÃ³w zgodnie z obowiÄ…zujÄ…cymi procedurami. Sam proces monitoringu odczynÃ³w poszczepiennych jest wnikliwie na bieÅ¼Ä…co analizowany rÃ³wnieÅ¼ wedÅ‚ug wypracowanych przepisÃ³w. 1/2,pl,[],[],[],"1,34684695008008E+018","1,34684695008008E+018",szczepimysie,#SzczepimySiÄ™,1,15,https://twitter.com/szczepimysie/status/1475466573154553863,[],[],0,,False,2,10,0,0,,,,,,,,"[{'screen_name': 'OrdoMedicus', 'name': 'Fundacja Ordo Medicus', 'id': '1367100640787365894'}, {'screen_name': 'MZ_GOV_PL', 'name': 'Ministerstwo Zdrowia', 'id': '462886126'}]",,,,
92,"1,47545460926306E+018","1,4754192689761E+018",1640610766000.0,2021-12-27 14:12:46,100,,@gfkot Wszystko jest zgodne z metodologiÄ… - dane ulegajÄ… korektom.,pl,[],[],[],"1,34684695008008E+018","1,34684695008008E+018",szczepimysie,#SzczepimySiÄ™,1,14,https://twitter.com/szczepimysie/status/1475454609263054848,[],[],0,,False,2,3,0,0,,,,,,,,"[{'screen_name': 'gfkot', 'name': 'Grzegorz Kot', 'id': '1363264568'}]",,,,
93,"1,47545367436109E+018","1,47544693738616E+018",1640610543000.0,2021-12-27 14:09:03,100,,@AnnaZorba DziÄ™kujemy za informacjÄ™ zwrotnÄ… - przekaÅ¼emy sprawÄ™.,pl,[],[],[],"1,34684695008008E+018","1,34684695008008E+018",szczepimysie,#SzczepimySiÄ™,1,14,https://twitter.com/szczepimysie/status/1475453674361085963,[],[],0,,False,0,1,0,0,,,,,,,,"[{'screen_name': 'AnnaZorba', 'name': 'Anna Kwiatkowska', 'id': '2367398018'}]",,,,
94,"1,47545140429882E+018","1,47545140429882E+018",1640610002000.0,2021-12-27 14:00:02,100,,"âœ… Szczepienia sÄ… bezpieczne i zmniejszajÄ… ryzyko hospitalizacji i zgonu z powodu COVID-19.  âœ… Nie ryzykuj przechorowaniem, zaszczep siÄ™.  ğŸ“ 989 ğŸ’»  https://t.co/EAI6V2Lrmv ğŸ“±  #mojeIKP  https://t.co/6ezMCpyOVV",pl,[],['mojeikp'],[],"1,34684695008008E+018","1,34684695008008E+018",szczepimysie,#SzczepimySiÄ™,1,14,https://twitter.com/szczepimysie/status/1475451404298821638,['http://pacjent.gov.pl'],['https://pbs.twimg.com/media/FHnOPpnXMAIZ3xe.jpg'],1,https://pbs.twimg.com/media/FHnOPpnXMAIZ3xe.jpg,False,68,127,14,0,,,,,,,,[],,,,
95,"1,47544566358857E+018","1,46956360093095E+018",1640608633000.0,2021-12-27 13:37:13,100,,"@WojtekWojtula Obecnie nie ma decyzji Rady Medycznej w sprawie dawki przypominajÄ…cej dla tej grupy wiekowej. JeÅ›li taka zapadnie, bÄ™dziemy informowaÄ‡.",pl,[],[],[],"1,34684695008008E+018","1,34684695008008E+018",szczepimysie,#SzczepimySiÄ™,1,13,https://twitter.com/szczepimysie/status/1475445663588569094,[],[],0,,False,1,0,0,0,,,,,,,,"[{'screen_name': 'WojtekWojtula', 'name': 'Wojciech', 'id': '1413909625112563721'}]",,,,
96,"1,47541664387435E+018","1,4752306802925E+018",1640601714000.0,2021-12-27 11:41:54,100,,"@iwona_paulewicz Ponad 96% przypadkÃ³w C-19 dotyczy osÃ³b niezaszczepionych. Tylko u 0,33% w peÅ‚ni zaszczepionych nowojorczykÃ³w zdiagnozowano C-19. Tzn., Å¼e osoby niezaszczepione sÄ… ponad 290 razy bardziej naraÅ¼one na zÅ‚apanie C-19 w porÃ³wnaniu do osÃ³b zaszczepionych.  https://t.co/OQhOFl92o6 2/2",pl,[],[],[],"1,34684695008008E+018","1,34684695008008E+018",szczepimysie,#SzczepimySiÄ™,1,11,https://twitter.com/szczepimysie/status/1475416643874349056,['https://www1.nyc.gov/assets/doh/downloads/pdf/covid/covid-19-post-vaccination-data-082321.pdf'],[],0,,False,1,6,0,0,,,,,,,,"[{'screen_name': 'iwona_paulewicz', 'name': 'Iwona Paulewicz', 'id': '798564287371481088'}]",,,,
97,"1,47541592733222E+018","1,4752306802925E+018",1640601543000.0,2021-12-27 11:39:03,100,,"@iwona_paulewicz Szczepionki zapewniajÄ… bardzo wysokÄ… ochronÄ™ przed ciÄ™Å¼kim przebiegiem C-19, zgonem i w duÅ¼ym stopniu przed objawami. Nie chroniÄ… natomiast w 100% przed wszystkimi objawami, a tym bardziej przed zakaÅ¼eniem wirusem. Dane z Nowego Jorku pokazujÄ… jak skuteczne sÄ… szczepienia â¤µï¸ 1/2",pl,[],[],[],"1,34684695008008E+018","1,34684695008008E+018",szczepimysie,#SzczepimySiÄ™,1,11,https://twitter.com/szczepimysie/status/1475415927332216835,[],[],0,,False,2,3,0,0,,,,,,,,"[{'screen_name': 'iwona_paulewicz', 'name': 'Iwona Paulewicz', 'id': '798564287371481088'}]",,,,
98,"1,47540569250485E+018","1,47540430576309E+018",1640599103000.0,2021-12-27 10:58:23,100,,"@szczepienie Prosimy nie wyciÄ…gaÄ‡ sÅ‚Ã³w z kontekstu. Niejednokrotnie podkreÅ›laliÅ›my, Å¼e nie moÅ¼na mÃ³wiÄ‡ o eksperymencie, w kontekÅ›cie sprawdzonego i przebadanego pod kÄ…tem bezpieczeÅ„stwa preparatu, ktÃ³ry dziaÅ‚a zgodnie z ChPL.",pl,[],[],[],"1,34684695008008E+018","1,34684695008008E+018",szczepimysie,#SzczepimySiÄ™,1,10,https://twitter.com/szczepimysie/status/1475405692504846340,[],[],0,,False,0,9,0,0,,,,,,,,"[{'screen_name': 'szczepienie', 'name': 'szczepienie.info', 'id': '1031098667690852353'}]",,,,
99,"1,475404840302E+018","1,47537924986763E+018",1640598900000.0,2021-12-27 10:55:00,100,,"@szczepienie @placzekgrzegorz @MZ_GOV_PL @a_niedzielski Oznacza to, Å¼e szczepionki zostaÅ‚y przebadane pod kÄ…tem skutecznoÅ›ci i bezpieczeÅ„stwa, dlatego podkreÅ›lamy, Å¼e nie moÅ¼na tutaj mÃ³wiÄ‡ o eksperymencie. ZachÄ™camy do zapoznania siÄ™ z poniÅ¼szym materiaÅ‚em:    https://t.co/tybMFqPkM4",pl,[],[],[],"1,34684695008008E+018","1,34684695008008E+018",szczepimysie,#SzczepimySiÄ™,1,10,https://twitter.com/szczepimysie/status/1475404840302002178,['https://www.gov.pl/web/rpp/rpp-szczepienia-przeciwko-covid19-nie-sa-eksperymentem-medycznym'],[],0,,False,2,16,1,0,,,,,,,,"[{'screen_name': 'szczepienie', 'name': 'szczepienie.info', 'id': '1031098667690852353'}, {'screen_name': 'placzekgrzegorz', 'name': '#tosiesamokomentuje', 'id': '1284852220593414146'}, {'screen_name': 'MZ_GOV_PL', 'name': 'Ministerstwo Zdrowia', 'id': '462886126'}, {'screen_name': 'a_niedzielski', 'name': 'Adam Niedzielski', 'id': '1377800274'}]",,,,
